:020000040800F2
:10000000D85E0020ED020008FD1100080F04000872
:10001000F9110008F505000881160008000000002D
:10002000000000000000000000000000F1130008C4
:1000300089070008000000005B0300086115000844
:100040000703000807030008070300080703000868
:100050000703000807030008070300080703000858
:100060000703000807030008070300080703000848
:100070000703000807030008070300080703000838
:100080000703000807030008070300080703000828
:100090000703000807030008070300088D0700088E
:1000A0000703000807030008070300080703000808
:1000B00005160008070300080703000807030008E7
:1000C00007030008070300080703000807030008E8
:1000D00007030008070300080703000807030008D8
:1000E00007030008070300080703000807030008C8
:1000F00007030008070300080703000807030008B8
:10010000070300080703000831160008070300086A
:100110000703000807030008070300080703000897
:100120008506000889060008070300080703000881
:10013000C5060008070300080703000807030008B6
:100140000703000807030008070300080703000867
:100150005D0700080703000800000000070300080F
:10016000070300080703000800000000000000006B
:100170000703000807030008070300080000000049
:100180000000000007030008070300080703000839
:10019000070300080000000000000000000000004D
:1001A000000000000000000000000000070300083D
:1001B000070300080000000007030008000000001B
:1001C000000000000000000000000000000000002F
:1001D00000000000000000000703000807030008FB
:1001E00007030008070300080703000807030008C7
:1001F00007030008070300080703000807030008B7
:1002000007030008070300080703000800F002F8CE
:1002100000F05CF80AA090E8000C82448344AAF144
:100220000107DA4501D100F051F8AFF2090EBAE842
:100230000F0013F0010F18BFFB1A43F0010318471A
:10024000985A0000B85A00000A444FF0000C10F809
:10025000013B13F0070408BF10F8014B1D1108BF44
:1002600010F8015B641E05D010F8016B641E01F8E4
:10027000016BF9D113F0080F1EBF10F8014BAD1C34
:100280000C1B09D16D1E58BF01F801CBFAD505E052
:1002900014F8016B01F8016B6D1EF9D59142D6D3AC
:1002A000704700000023002400250026103A28BFD4
:1002B00078C1FBD8520728BF30C148BF0B607047D8
:1002C0001FB504F0CBFE1FBD10B510BD00F056F9F0
:1002D0001146FFF7F5FF00F086F900F074F903B45A
:1002E000FFF7F2FF03BC00F077F9000009488047F0
:1002F00009480047FEE7FEE7FEE7FEE7FEE7FEE708
:10030000FEE7FEE7FEE7FEE704480549054A064B1F
:1003100070470000751500080D020008D85800202D
:10032000D85E0020D85A0020D85A0020EFF3108061
:1003300072B6704780F310887047434A1368012BE8
:1003400004D04FF001031360404A1060404A11602E
:1003500040484FF0805101607047EFF3108272B651
:100360003948016851B34FF0000101603748016816
:1003700091B1EFF309811EF0100F08BF21ED108B32
:1003800021E9F00F4FF000041EF0100F08BF012408
:1003900041F8044D006801602D490968096808C9E1
:1003A000B1E8F00F002B18BFB1EC108B81F3098876
:1003B0004EF0100E002B18BF2EF0100E82F3108896
:1003C0004EF0040E704722490860EFF3148222F0C9
:1003D000040282F314881D494FF0000008601A4996
:1003E0004FF0010008601C484FF47F01D0F8002056
:1003F00041EA0201016017484FF08051016017483F
:100400000068006880F3088861B662B670471EF025
:10041000040F0CBFEFF30880EFF3098020E9F00F21
:1004200040F804ED40F804ED1EF0040F0CBF80F31B
:10043000088880F3098800B502F05AF95DF804EBEA
:100440004EF0040E70470000540000204C000020C5
:100450005000002004ED00E020ED00E008ED00E099
:1004600053EA020C00F069802DE9F04B4FF00006D2
:10047000002B1FBFB3FA83F503FA05F424FA05F63F
:100480005E4012BF1643B2FA82F502FA05F4C5F1D6
:1004900020051EBF22FA05FC44EA0C04203556EA6A
:1004A000044C4FEA144418BF641C4FF000084FF08E
:1004B0000009904271EB030C39D3002919BFB1FA3E
:1004C00081F701FA07F6B0FA80F700FA07F6C7F1EC
:1004D00020071EBF20FA07FC46EA0C062037B6FBB1
:1004E000F4FCA7EB0507103F07F01F0BCBF120062C
:1004F0000CFA0BFB2CFA06F644BFB3460026202F5D
:10050000A4BF5E464FF0000B5BEA060C08BF4FF03D
:10051000010B19EB0B09ABFB027C48EB0608C01B77
:1005200006FB02CC0BFB03CC71EB0C01C1E70B46C5
:10053000024641464846BDE8F08B13B54FF0000037
:100540004FF00001AFF30080BDE81C4070477047DA
:100550007047704710B500F009F8006810BD10B57D
:10056000044600F003F8046010BD00000048704726
:100570007858002000487047785800207546FFF7EB
:10058000F9FFAE4605006946534620F00700854650
:1005900018B020B5FFF7B8FEBDE820404FF00006C8
:1005A0004FF000074FF000084FF0000B21F007015B
:1005B000AC46ACE8C009ACE8C009ACE8C009ACE89E
:1005C000C0098D46704710B50446AFF30080204641
:1005D000BDE81040FFF783BE01491820ABBEFEE71F
:1005E00026000200704710B5FFF7A0FE03F0E2FE00
:1005F000002010BD00BFFEE770B502460B4600208C
:1006000000210AE0545C84EA2025EDB2044E36F85D
:10061000155085EA0025A8B2491C9942F2DB70BD4D
:10062000A451000870B502460023002005E0145CC8
:1006300083EA0405034E735D401C8842F7DB1846CD
:1006400070BD0000A45000080CB515E00B48006810
:1006500001900B48006800900848006801998842A2
:1006600000D209E000210B46DDE90002114340EA17
:100670000302084611460CBDE8E70000240C0040C8
:10068000000000207047000010B50B480068C0F360
:10069000401080B102F066F9202001F0A7FB002194
:1006A00005481C3001F090FB002004490860044913
:1006B000086002F071F910BD006402400C000020D7
:1006C0001000002010B586B01F480068C0F34040FD
:1006D000002837D002F046F94FF4003001F086FBD5
:1006E0004FF4803001F082FB1848446914B340692C
:1006F0000088012814D10122C103154801F060FCD3
:100700000120ADF804000F2212490DF1060002F09D
:1007100039FC122201A91048006802F077FD00BFE1
:1007200000200A4948612146084803F0EFFD0020F7
:100730000649087600210448583001F045FB02F0D4
:100740002BF900BF06B010BD00640240C82F002086
:1007500000000240373D00202000002010B509486D
:100760000068C0F3405060B102F0FCF84FF4001094
:1007700001F03CFB002103486C3001F025FB02F046
:100780000BF910BD006402407047000010B502F084
:10079000E9F8402001F0C0FB04480078012802D1AC
:1007A000034800F0D9FC02F0F7F810BD0500002066
:1007B000C82F00207FB500F0FFF80546124C134803
:1007C0002168C0F86C136168C0F87013A168C0F8A4
:1007D0007413C0F878534FF4007200F1180100F060
:1007E0002EFD642009214FF40062094BCDE900324F
:1007F000CDE902100023074A07A10A4803F052F985
:10080000084803F0BBF97FBDE8F7FF1F5001002047
:10081000A80700202908000853657269616C5F54BD
:1008200061736B00A80F00202CE04FF4C8721649CA
:10083000A1F55F7000F040FD0446002C21DD0FE0C3
:10084000012003F08AF8114801680068401C0F4A33
:10085000106041F28830814202DB00200C490860C0
:100860000B4800680028EBD1012009490860A3B2B9
:10087000054A0849084804F061F90121064801F0D9
:10088000A3FA00BFD1E70000CC0400201000002034
:100890000C000020041001401C64024038B50446DE
:1008A0000D46244890ED000A234880EDD10A2148E6
:1008B00090ED010A204880EDD20A1E4890ED020A10
:1008C0001D4880EDD30A1B4890ED030A1A4880EDBD
:1008D000CE0A184890ED040A174880EDCF0A154853
:1008E00090ED050A144880EDD00A9FED140A80EDC2
:1008F000D40A9FED120A80EDD50A9FED100A80ED13
:10090000D60A0C4890ED060A0B4880EDD70A00F590
:100910004E70C0E90B454420094BF3220949009071
:10092000094800F013F84C220749034800F08FFCF7
:1009300038BD0000281100205001002000000000F8
:100940008804002060060020281000202DE9F05FB8
:1009500004460E46904699460A9DFC20207084F875
:100960000180A57096F82010306A401C3062E1705A
:1009700004212046FFF756FE834684F804B015B9DB
:100980000520BDE8F09F04F1070A002004E019F8F3
:1009900000100AF80010401CA842F8DBE9B25046EB
:1009A000FFF72AFE074638126071A771FD21E81D86
:1009B0002154401CE5E7000002480088C0F30B000A
:1009C00070470000002004E010B50448006800B93A
:1009D00010BD034802F0DCFD00BFF9E7180000205D
:1009E000682400202DED048B96B024E14FF0FF31F8
:1009F000914802F0F5FD00BFEFF31080064601209C
:100A000080F3108800BF8D4800F0B6FC8DED130A0E
:100A10008A48103000F0B0FC8DED140A8748203071
:100A200000F0AAFC8DED150A8448303800F0A4FCD3
:100A30008DED100A8148203800F09EFC8DED110AE2
:100A40007E48103800F098FC8DED120A7B4830305B
:100A500000F092FCF0EE409A3221784800F06CFCF5
:100A60000D9032217548103000F066FC0E90322156
:100A70007248203000F060FC0F9032216F4830380F
:100A800000F05AFC0A9032216C48203800F054FCE7
:100A90000B9032216948103800F04EFC0C90322146
:100AA0006648303000F048FC0746304680F3108836
:100AB00000BF00BF9DED140AB1EE400A604880ED12
:100AC000000A9DED130AB1EE400A80ED010A9DED8A
:100AD000150AB1EE400A80ED020A00BF00BF9DED8D
:100AE000110AB1EE400A80ED030A9DED100AB1EE45
:100AF000400A80ED040A9DED120AB1EE400A80ED35
:100B0000050A00BF00BF0E98404200EE100AB8EE82
:100B1000C00A8DED070A0D98404200EE100AB8EEAB
:100B2000C00A8DED080A0F98404200EE100AB8EE98
:100B3000C00A8DED090A00BF00BF0B98404200EECD
:100B4000100AB8EEC00A8DED040A0A98404200EE81
:100B5000100AB8EEC00A8DED050A0C98404200EE6E
:100B6000100AB8EEC00A8DED060A00BF002033E07F
:100B700007A901EB800191ED000AB5EEC00AF1EE84
:100B800010FA01D1012200E000222D491C3141F868
:100B9000202004A901EB800191ED000AB5EEC00A06
:100BA000F1EE10FA01D1012200E00022244928319F
:100BB00041F8202001A901EB800191ED000AB5EE7A
:100BC000C00AF1EE10FA01D1012200E000221C4916
:100BD000B43141F82020401C0328C9DB1848C0ED7F
:100BE000069A0FB9012000E0002015494863084625
:100BF000D0ED068A90ED499A9FED120A28EE800A00
:100C0000DFED110AB0EE408A00EE898A80ED498A54
:100C1000B0EE480AD1F8200100F0D9FEFFF714FD2C
:100C200004460D46064901F5847130C12046294627
:100C3000FFF734FE00BFD9E668240020B83C00204E
:100C400028110020A323393C711B7D3F08B50222E7
:100C50006946152000F000F99DF8000020F0200002
:100C600000909DF8000020F0400000909DF80000EA
:100C700020F08000009002229DF80010152000F066
:100C800045F908BD1CB5022201A9102000F0E4F8C6
:100C90009DF8040020F0F00001909DF8040040F061
:100CA0008000019002229DF80410102000F02EF91F
:100CB00002226946112000F0CFF89DF8000020F0D4
:100CC000F00000909DF8000040F0800000900222AB
:100CD0009DF80010112000F019F91CBD1CB502226E
:100CE00001A9102000F0B8F89DF8040020F00C00D5
:100CF00001909DF8040040F00C00019002229DF844
:100D00000410102000F002F902226946112000F0C0
:100D1000A3F89DF8000020F00F0000909DF800005F
:100D200040F00C00009002229DF80010112000F00D
:100D3000EDF81CBD0EB5022202A9152000F08CF8BA
:100D40009DF8080020F01000029002229DF8081083
:100D5000152000F0DBF8022201A9102000F07CF839
:100D60009DF8040020F00200019002229DF804107A
:100D7000102000F0CBF802226946172000F06CF832
:100D80009DF8000020F0040000909DF8000020F085
:100D9000080000909DF8000020F0100000909DF8E1
:100DA000000020F0E000009002229DF800101720C3
:100DB00000F0ACF80EBD08B502226946132000F021
:100DC0004BF89DF8000020F00200009002229DF8F0
:100DD0000010132000F09AF808BD0EB5022202A9F7
:100DE000122000F039F89DF8080020F01000029061
:100DF0009DF8080020F0200002909DF8080040F0C7
:100E00000400029002229DF80810122000F07EF8E3
:100E1000022201A90D2000F01FF8012001900222FA
:100E20009DF804100D2000F071F8022201A90D2098
:100E300000F012F8022269460B2000F00DF89DF830
:100E4000000040F08000009002229DF800100B206E
:100E500000F05CF80EBD00007CB506460C46154659
:100E600046F08000124908700020487000224FF4BC
:100E70000041104801F0A4F80F480D4B0F4A1049EB
:100E8000CDE900050E48143000F094FA00BF0B487D
:100E90000C388068C0F3C0100028F8D10122D103BB
:100EA000044801F08DF80448407820707CBD0000B3
:100EB00048000020000002404A0000200C300140A1
:100EC0005864024008B5022269461220FFF7C4FFA9
:100ED0009DF8000020F00800009002229DF800100C
:100EE000122000F013F808BD08B50222694612204E
:100EF000FFF7B2FF9DF8000040F040000090022292
:100F00009DF80010122000F001F808BD7CB50446E1
:100F10000E46154604F07F001049087008464670DA
:100F200000224FF400410E4801F04AF80D480B4BE7
:100F30000D4A0E49CDE900050C48143000F03AFA8C
:100F400000BF09480C388068C0F3C0100028F8D1F1
:100F50000122D103024801F033F87CBD4800002093
:100F6000000002404A0000200C300140586402405A
:100F700070B5044600BFEFF310800546012000F075
:100F8000F9FB204600F0A8F800EE100AB8EEC00AFF
:100F9000DFED4D0A80EE201AB3EE090A31EE000AA9
:100FA0004A4880ED1C0A04F1080000F095F800EEB4
:100FB000100AB8EEC00ADFED460A20EE200A4348C8
:100FC00080ED1D0A04F10A0000F086F800EE100A18
:100FD000B8EEC00ADFED3E0A20EE200A3B4880ED65
:100FE0001E0A04F10C0000F077F800EE100AB8EECB
:100FF000C00ADFED370A20EE200A344880ED1F0AD0
:10100000A01C00F069F800EE100AB8EEC00ADFED8F
:10101000310A20EE200A2D4880ED200A201D00F024
:101020005BF800EE100AB8EEC00ADFED2A0A20EEE7
:10103000200A264880ED210AA01D00F04DF800EEA0
:10104000100AB8EEC00ADFED230A20EE200A1F487E
:1010500080ED220AD0ED1D0AB0EE600A303000F0BB
:1010600073F91A48D0ED1E0AB0EE600A403000F065
:101070006BF91648D0ED1F0AB0EE600A503000F050
:1010800063F91248D0ED200AB0EE600A00F05CF976
:101090000E48D0ED210AB0EE600A103000F054F98D
:1010A0000A48D0ED220AB0EE600A203000F04CF978
:1010B0000648D0ED1C0AB0EE600A603000F044F93A
:1010C000284600F057FB70BD00008043883C00209C
:1010D00017B71C3B57A08B3A014648788A7840EAFC
:1010E000022000B2704708B5022269461820FFF7B7
:1010F000B3FE9DF8000040F00200009002229DF82F
:1011000000101820FFF702FF08BD000010B50222F2
:1011100001211220FFF7FAFE02220D490F20FFF7EE
:101120009BFEFFF7E0FFFFF7CDFEFFF7DDFEFFF7C9
:1011300054FEFFF78BFDFFF7D1FDFFF7A3FDFFF78F
:10114000F9FDFFF738FE01200249087010BD0000CC
:10115000280000202900002070B50546284603F02D
:101160008FF8044604B970BD0748606000206080B5
:101170002146284603F004F929460448006801F096
:101180006FFE00BFEFE70000911100081C00002077
:101190007CB506460C4600BFEFF3108005460120E3
:1011A00000F0E8FA0F2200210E4801F029FF01208B
:1011B0002080A0200B49087000224FF400410A480B
:1011C00000F0FEFE0F200949064B094ACDE9001048
:1011D00008490848143000F0EDF8284600F0CAFA33
:1011E0007CBD0000283D002000000240373D00206B
:1011F0000C3001405864024000BFFEE77047F0B574
:1012000003460C4603F00701C1F10700042801D989
:10121000042001E0C1F107000646081D072801D29D
:10122000002000E0C81E05460120B040401E2040BE
:10123000A8400127AF407F1E17403843F0BD016131
:101240000260002343608360C360436170472DE9FF
:10125000F04104460E46154600BFEFF310800746E6
:10126000012000F08AFAE06828442168884209DDFC
:10127000606928446061384600F07FFA4FF0FF3023
:10128000BDE8F081E0682844E06000200DE0315CBA
:1012900063682269D1546268521C236892FBF3FC94
:1012A00003FB1C22626000BF401CA842EFDB3846F3
:1012B00000F063FA0020E3E72DE9F047074688468F
:1012C000144600BFEFF310808146012000F055FA6C
:1012D000FD68484600F051FAA54200DD254600268B
:1012E00005E0384600F008F808F80600761CAE4223
:1012F000F7DB2846BDE8F08770B504464FF0FF35B0
:1013000000BFEFF310800646012000F036FAE068D7
:1013100068B1A1682069455CA068401C216890FB09
:10132000F1F201FB1200A060E068401EE060304670
:1013300000F023FA284670BD0246D068884201DDDD
:10134000012070470020FCE70168491C0160D0EDD6
:10135000010A70EE800AC0ED010AD0ED020AF4EE37
:10136000400AF1EE10FA03D1C168491CC16001E0E6
:101370000021C160704700000168002912DD90ED76
:10138000011AD0ED000AF8EEE00AC1EE201AB0EE24
:10139000610ADFED070AC0ED010A0021016080ED5E
:1013A000020A7047C168491CC16090ED020AF8E763
:1013B000000000002DE9F04780460C4615461E4609
:1013C000DDE90897BBB232462946404603F0B6FB3A
:1013D000BBB24A462946204603F0B0FB01214046F5
:1013E00000F0F2FC0121204600F0EEFCBDE8F087A1
:1013F0007047000086B010E04FF0FF33122201A9C1
:101400000648006801F06EFEBDF80400012803D113
:101410000DF10600FFF7ACFD00BFEDE72000002056
:101420001FB5204A6421204802F048FF1F4AC82106
:101430001F4802F043FF002208211EA001F04CFCCF
:1014400020490860642005214FF400721E4BCDE94D
:101450000032CDE9021000231C4A1DA1204802F0F1
:1014600021FB1F4802F08AFB0023322212211DA01B
:1014700001F0EAFD1F490860642005214FF4007265
:101480001D4BCDE90032CDE9021000231B4A1CA1FF
:101490001F4802F007FB1E4802F070FB01201D49A7
:1014A00008701FBDC82F002088290020683C00203C
:1014B000E82F002073656E736F725F7371655F6DE7
:1014C000710000001C00002088240020191500086D
:1014D00053656E736F725F5371655F5461736B0018
:1014E0008826002073656E736F725F6371655F6D30
:1014F000710000002000002008270020F5130008DC
:1015000053656E736F725F4371655F5461736B00F7
:10151000082900202400002008B51DE04FF0FF320C
:1015200069460E48006801F001FC009D287E80B9E4
:10153000284602F003FF044604B90DE00120287696
:101540006C61214628466268904702F09DFBE86185
:1015500001E002F099FB00BFE0E700001C00002062
:1015600010B501F0FFF902F095FB01F015FA10BD7E
:10157000704700001F48006840F470001D49086073
:101580001D48006820F00100401C1B49086000BF96
:1015900019480068C0F340000028F9D01648083008
:1015A000006820F0030014490831086000BF1248A9
:1015B00008300068C0F381000028F8D10E480068A8
:1015C0000E4908400C49086000200B4908310860AA
:1015D0000B48091F086000200749A03108604FF43C
:1015E0001F0005490C3108604FF000600149803947
:1015F0000860704788ED00E000380240FFFFF2FE0F
:101600000230030010B54FF08040006900F0010087
:1016100068B101F0A7F9FFF7D7F94FF080400069F2
:1016200020F001004FF08041086101F0B5F910BDD4
:1016300010B51048006800F00100C8B101F092F93F
:101640000D480068401C0C4908600C48007838B907
:1016500001200A49087008480068401E06490860D1
:101660000448006820F001000249086001F094F984
:1016700010BD0000100C00400000002004000020FD
:1016800000BFFEE70146481EB0F1807F01D3012074
:101690007047481E4FF0E0225061FF20044A10704E
:1016A00000204FF0E0229061072010610020EFE75A
:1016B00023ED00E002480068C0F3022070470000FC
:1016C0000CED00E010B5002804DB0A07130E054AF4
:1016D000135406E00A07140E034A00F00F031B1F01
:1016E000D45410BD00E400E018ED00E010B52DED7D
:1016F000028BB1EEC08A18EE100A20F00040C0F153
:10170000FF40C00F0AD010EE100A20F00040C0F1D8
:10171000FF40C00F04BF0120FEF721FFB0EE480AD2
:10172000BDEC028B10BD0000014609B900207047D6
:10173000C8B220B1C8B20E4A105C401CF7E701F4F1
:101740007F4028B10A48C1F30722805C0930EEE7E8
:1017500001F47F0028B10648C1F30742805C1130D4
:10176000E5E7034800EB116000781930DFE700007F
:10177000A45B000880F31088704780F310887047DE
:1017800003490868884201D0012070470020FCE727
:10179000200100202DE9FC5F04468B4615461E46BD
:1017A000DDE90C9ADDE90E7804F114004060006078
:1017B00000BF1C346560A660C4F80C90C4F810A08B
:1017C0002321D4E9030201F01BFCD4E9033C634468
:1017D0001A1F144BD4E9010101F09CF82060A77690
:1017E00067760020E061C4F82880C4F82C8060612E
:1017F0002076E06520661C3C009023460A4A21467C
:10180000019004F14C0002F0DDFA00BF07480068C7
:1018100018B1204605490968884700BF0020BDE887
:10182000FC9F000069390008053C000834010020D5
:101830002DE9F04704460E4617469846DDF82090FD
:1018400084F80990607A20F001006072E6612762F6
:101850000020A062C4F82480002506E004F11401F1
:1018600001EBC50001F032F96D1C012DF6DBBDE87E
:10187000F08710B50246002001460EE002F1140385
:1018800003EBC100D0E900436360D0E9003423607A
:101890004060006000BF481C01460129EEDB10BD1E
:1018A00010B52DED0E8BB0EE40BAF0EE60BAB0EE92
:1018B000419AB0EE61AA2AEE0A0A20EE090AB0EEB9
:1018C000408A2AEE2B0AF0EE40AA3BEE2A0AF0EEFE
:1018D000408AF0EEE80AB2EE001AB0EE480A01EED5
:1018E000200A20EE080AB0EE40EAFFF7FFFEF0EE15
:1018F00040CAB0EE680A00F05DF87CEEC80A60EEFF
:10190000200AB6EE001AB0EE6A0A00EE810AB0EEC6
:1019100040CA78EE880AB0EE600A00F04BF8B0EEEC
:1019200040EA78EEC80AB0EE600A00F043F83EEEF6
:10193000400AF6EE000A20EE200AB0EE40DA3AEE57
:10194000A80A70EE4C0AB0EE4C0A00EE8D0AF0EEDA
:10195000409A79EE880AB0EE600A00F02BF8B0EEFB
:1019600040EA79EEC80AB0EE600A00F023F83EEED5
:10197000400AF6EE000A20EE200AF0EE40DA89EE88
:1019800088EAB0EE690A00F015F83EEE400AF1EE82
:10199000490A20EE200A20EE2DEAB0EE690A00F096
:1019A00009F8F0EE400AB0EE4E0A09EE600ABDEC0E
:1019B0000E8B10BDF0EE400AF5EEC00AF1EE10FA03
:1019C00002DBB7EE000A7047BFEE000AFBE710B576
:1019D0002DED028B0446B0EE408A94ED042AF0EE21
:1019E000421A94ED022AB0EE421A94ED012AF0EE6A
:1019F000420A94ED002A32EE482AB0EE420AFFF77E
:101A00004FFFF0EE408A94ED000AD4ED030A94ED06
:101A1000011A00EE810A84ED000A94ED010AD4ED6A
:101A2000030A00EEA80A84ED010ABDEC028B10BD8A
:101A30000349096860F30711014A1160704700000B
:101A4000083802400349096860F38C21014A11609B
:101A500070470000083802400349096860F34F31BD
:101A6000014A11607047000008380240012807D180
:101A70000749096821F030013031054A116005E05D
:101A80000349096821F03001014A116070470000E4
:101A9000A438024005282BD2DFE800F0030A111811
:101AA0002100154A126861F30002134B1A6020E00E
:101AB000114A126861F310420F4B1A6019E00E4A86
:101AC000126861F318620C4B1A6012E00A4A703215
:101AD000126861F30002084B70331A6009E0064A8D
:101AE0007432126861F30002034B74331A6000E031
:101AF00000BF00BF70470000003802402DE9FE4FD4
:101B000004464FF00009CA46CB46002002900190DF
:101B10000025002600F050F90090009820B101281F
:101B200012D002283FD112E031480068C0F3803063
:101B300038B12F480068C0F3003010B12D48206044
:101B400001E02D48206031E02C4820602EE028483C
:101B50009C380068C0F38050029025489C3800688B
:101B6000C0F3881922489C38006800F00F0A20480A
:101B70009C380068C0F30240214911F800B0029877
:101B800010B91D48019001E01C4801900AFB0BFCB4
:101B90000198A0FB09700146624600233846FEF713
:101BA0005FFC206002E01448206000BF00BF1048C6
:101BB00098380068C0F303151248465D2068F0406D
:101BC00060600B4898380068C0F382250E48465D77
:101BD0006068F040E060064898380068C0F342351D
:101BE0000A48465D6068F040A060BDE8FE8F0000D6
:101BF000A0380240006CDC0200127A000024F400DD
:101C00008650000866500008765000087E50000894
:101C100010B501460020094B03EB1142D2F8002811
:101C200001F01F040123A3401A4001F01F04012307
:101C3000A3409A4200D000E0012010BD00300240D5
:101C400030B50024002500E0641C1120FFF7E0FF00
:101C5000012802D0B4F5405FF6D31120FFF7D8FF7A
:101C6000012801D0002500E00125284630BD0000F4
:101C700010B501290FD1104B03EB1042D2F8002808
:101C800000F01F040123A3401A430B4C04EB104344
:101C9000C3F800280EE0084B03EB1042D2F80028EE
:101CA00000F01F040123A3409A43034C04EB1043AC
:101CB000C3F8002810BD00000030024030B538B92C
:101CC0000F4C246824F4805404F580540C4D2C608F
:101CD0000B4C9C3C246860F39654094D9C3D2C6051
:101CE0002C46246861F38E142C602C46246862F321
:101CF00003042C602C46246863F312442C6030BD2E
:101D0000A03802401A48006820F00100401C184921
:101D1000086000BF16480068C0F340000028F9D0F2
:101D200013480830006820F00300114908310860AA
:101D300000BF0F4808300068C0F381000028F8D1C8
:101D40000B4800680B490840094908600020084911
:101D5000083108600848091F086000200449A031C4
:101D600008604FF41F0002490C3108607047000002
:101D700000380240FFFFF2FE023003000D490968FF
:101D800060F301010B4A116000BF00BF00BF00BF3C
:101D900000BF00BF00BF00BF00BF00BF00BF00BF4B
:101DA00000BF00BF00BF00BF00BF00BF00BF00BF3B
:101DB000704700000838024002480068C0F3810004
:101DC0007047000008380240026861F300020260B8
:101DD00070470021016041600181418101734173BD
:101DE0008173C1730174417470470000B0F1805F6A
:101DF00004D920F07041034A116001E002490860F3
:101E000070470000046602400464024002684BF61A
:101E1000EF731A40026002680B891A4302604B7C20
:101E2000026863F30D320260CB7B026863F38B229E
:101E300002608B7B026863F3092202604B7B0268BD
:101E400063F3C71202600B7B026863F386120260C1
:101E50000B7C026863F3451202604B89426863F3AE
:101E60000F0242600A6882604A68C26070471AB115
:101E700003680B43036002E003688B430360704711
:101E80000021026822F0010202600022026042602A
:101E90008260C260014640F2FF620A40B2F5C16F43
:101EA0000DD2CAB2083A1423B2FBF3F293000F2208
:101EB0009A400D4B1B681A430B4B1A6012E040F21C
:101EC000FF620A40B2F5D16F0CD2CAB2083A1423AD
:101ED000B2FBF3F293000F229A40044B1B681A43A3
:101EE000024B1A607047000004640240046602401E
:101EF000D0F8002161F30002C0F8002170470268A9
:101F000061F30602026070470021417241600121C5
:101F100001720170704700000149086070470000BD
:101F2000143C0140014600204868234A126882435D
:101F3000214B1A601A1D126882431B1D1A604A7ACF
:101F40000AB30A782AB91A1F126802431B1F1A60C3
:101F500006E0194A121D12680243174B1B1D1A6036
:101F6000154A083212688243134B08331A601A1D4F
:101F7000126882431B1D1A600A7A2AB91A1F126856
:101F800002431B1F1A6016E00A7A012A07D10A4A87
:101F90000C3212680243084B0C331A600BE0064AFD
:101FA000083212680243044B08331A601A1D126883
:101FB00002431B1D1A607047003C0140816270475C
:101FC0000AB1816100E0816270474FF6FF710160E4
:101FD00000218171017141710121C171704770B59A
:101FE0000A4600211488A3B233E003F001046CB365
:101FF00004684E000325B540AC43046094794D005D
:10200000AC4005682C430460446801258D40AC4316
:102010004460446815798D402C43446084684E00C8
:102020000325B540AC438460D4794D00AC4085684D
:102030002C438460C4684E000325B540AC43C460A3
:1020400054794D00AC40C5682C43C4605B104C1CF7
:10205000A1B2002BC9DC70BDF0B5002300244D07F0
:10206000ED0E02FA05F3CD105DB1456A4E07F70E8D
:102070000F26BE40B5434562456A45EA0304446203
:102080000AE0056A4E07F70E0F26BE40B54305620B
:10209000056A45EA03040462F0BD00001FB5642030
:1020A00009214FF400620D4BCDE90032CDE9021059
:1020B00000230B4A0BA10E4801F0F4FC0C4801F080
:1020C0005DFD00231A4609A10A4801F04DFA0A48AD
:1020D0000068401C084908601FBD0000E81B002084
:1020E000E5090008496D755F5461736B00000000DD
:1020F000E8230020682400201800002002F098FE49
:1021000002F0ECFD4FF47A7002F02CFB02F062FD5D
:1021100002F042FD02F04EFC00231A462B492C48E7
:1021200002F00CFD01212A48FFF74EFE02F06EFC82
:1021300000231A4625492648143002F0FFFC0121ED
:1021400023481430FFF740FE02F092FC00231A46A9
:1021500020491F48503002F0F1FC01211C4850304A
:10216000FFF732FE02F0B6FC00231A461949184860
:10217000643002F0E3FC012115486430FFF724FECF
:1021800002F012FF02F0DCFD02F0DCFC02F0B4FE13
:1021900002F0E2FE00210E48FFF716FE00210C4877
:1021A0001430FFF711FE002109485030FFF70CFEF4
:1021B000002107486430FFF707FEFEF7A7FF02F093
:1021C000F3FA01200449087000BFFEE70410014043
:1021D000086402400C3001400500002010B50446A0
:1021E00000F0AAF9FFF78AFF10BD00002DE9F047C3
:1021F0000B4614464FF0000C00BF2C4A1268C2F385
:1022000002211D4626460A46C2F10709B9F1040F0C
:1022100002D94FF0040901E0C2F10709C84602F1F2
:102220000409B9F1070F02D24FF0000901E0A2F151
:1022300003094F464FF0010909FA08F9A9F101090C
:1022400009EA050909FA07F94FF0010A0AFA07FA3B
:10225000AAF1010A0AEA060A49EA0A09CC46014635
:102260006246002904DB15072E0E114D6E5407E05F
:1022700015072F0E0D4D0C3501F00F06361FAF550B
:1022800000BF014600290DDB00BF00BF01F01F05A4
:102290000122AA404D09AD0005F1E025C5F8002155
:1022A00000BF00BF00BFBDE8F08700000CED00E0FC
:1022B00000E400E000BF00F00702064B19684FF68B
:1022C000FF031940044B0B4343EA0221014B196001
:1022D00000BF70470CED00E00000FA0530B51A4C65
:1022E000436824681919884215D04B889BB9174B4D
:1022F0001B6899420FD0164B1B688B4201D1144BBF
:1023000018604B684360104B1B68C31A0E4D4C6835
:102310002D682C44A3600C4C836824681A198242EF
:1023200011D053887BB90A4B1B68834201D1084BFB
:102330001A6043685360044B1B68D31A024D44680B
:102340002D682C44A36030BD74000020780000206C
:102350007C0000202DE9F04F86B00D469C46DDE95B
:10236000106401960F9B04F04008B8F1000F02D0F2
:10237000DFF8708101E0DFF87081CDF8008004F0B3
:102380001008B8F1000F01D024F0010404F0010896
:10239000B8F1000F02D04FF0300801E04FF02008F4
:1023A000C246002704F00208B8F1000F11D0002A3D
:1023B00002DA2D2752420CE004F00408B8F1000FB5
:1023C00001D02B2705E004F00808B8F1000F00D079
:1023D0002027002142B94FF0300B8846491C0DF1EF
:1023E000080909F808B01DE01AE0E146B9F10A0F42
:1023F00008D14FF00A0BB2FBFBFE0BFB1E28B2FB11
:10240000FBF202E002F00F08120900BFDDF80090B5
:1024100019F808B08846491C0DF1080909F808B0F8
:10242000002AE2D1B14200DD0E469B1B04F01108E8
:10243000B8F1000F10D117B1002B00DD5B1E06E0D4
:10244000A84203D84FF0200880F80080401CB3F168
:102450000008A3F10103F3DC27B1A84201D80770FB
:102460005B1E401C04F01008B8F1000F0AD104E014
:10247000A84201D880F800A0401CB3F10008A3F1E5
:102480000103F5DC06E0A84203D84FF0300880F8DD
:102490000080401CB046761E8845F4DC08E0A84267
:1024A00005D80DF1080818F8018080F80080401C5C
:1024B000B1F10008A1F1010104DDDDF80480B8F1FB
:1024C000000FECD106E0A84203D84FF0200880F8B6
:1024D0000080401CB3F10008A3F10103F3DC06B057
:1024E000BDE8F08FB55C0008A45C00081CB51420A2
:1024F0000A214FF480630022CDE90010044905A0B1
:1025000001F003FA0446204601F038FB1CBD000030
:10251000DD2100086D61696E0000000010B5044CFB
:1025200002E020688047241D02488442F9D310BD90
:10253000CC5C0008D05C000810B5044C02E02068B8
:102540008047241D02488442F9D310BDD05C0008A6
:10255000D45C000810B5FDF7E9FE04460448008885
:10256000401C00B2024908802046FDF7E3FE10BD82
:102570001001002010B5FDF7D9FE04460B48008875
:10258000401E00B2094908800846B0F90000002842
:1025900007DC002008802046FDF7CCFE00F03EFF5F
:1025A00002E02046FDF7C6FE10BD0000100100202D
:1025B00070B5054605B970BD00BF2248006818B166
:1025C000284620490968884700BF1F48006885429F
:1025D00003D31E480068854200D3ECE7A5F1100440
:1025E0004FF0FF311A4800F0FBFF608818B12088D7
:1025F000B0F5F55F08D017A000F04AFA238862888A
:1026000021461BA000F044FA002060804FF4F550F2
:10261000208023480068844201D2214804600A498E
:1026200060680968611A401A1E490968081A1D493C
:1026300008602046FFF752FE054800F0A9FF00BFE2
:10264000B9E700007000002074000020780000202E
:10265000583F0020746F20667265652061206261BA
:1026600064206461746120626C6F636B3A0A0000DD
:102670006D656D3A203078253038782C207573657B
:102680006420666C61673A2025642C206D6167695F
:102690006320636F64653A203078253034780A000F
:1026A0007C00002084000020004870477840002013
:1026B000004870477858002070B5FEF759FF0A4867
:1026C00000684FF47A71B0FBF1F42046FEF7DAFFB0
:1026D000FFF724FFFFF7ECFF0446FFF7E5FF054691
:1026E000214601F049F870BD080000207047000045
:1026F0002DE9F041054605F128062C1D31480068FA
:1027000040B130462F490968884707460FB9BDE8F0
:10271000F08100BF2CA0216C00F0BAF92EA0616AF4
:1027200000F0B6F930A0A16A00F0B2F932A0E16A77
:1027300000F0AEF934A0216B00F0AAF936A0616870
:1027400000F0A6F938A0A16800F0A2F93AA0E1686B
:1027500000F09EF93CA0216900F09AF93EA0616961
:1027600000F096F940A0A16900F092F942A0E16959
:1027700000F08EF944A0216A00F08AF946A0616B4E
:1027800000F086F948A0A16B00F082F94AA0E16B45
:1027900000F07EF9287800F0040038B101F0C6F9A5
:1027A0000746394648A000F073F902E04EA000F059
:1027B0006FF9287800F0100010B952A000F068F905
:1027C00000BFFEE7580000207073723A2030782571
:1027D0003038780A000000007230303A2030782516
:1027E0003038780A000000007230313A2030782505
:1027F0003038780A000000007230323A20307825F4
:102800003038780A000000007230333A20307825E2
:102810003038780A000000007230343A20307825D1
:102820003038780A000000007230353A20307825C0
:102830003038780A000000007230363A20307825AF
:102840003038780A000000007230373A203078259E
:102850003038780A000000007230383A203078258D
:102860003038780A000000007230393A203078257C
:102870003038780A000000007231303A2030782574
:102880003038780A000000007231313A2030782563
:102890003038780A000000007231323A2030782552
:1028A0003038780A00000000206C723A2030782519
:1028B0003038780A000000002070633A2030782514
:1028C0003038780A00000000686172642066617523
:1028D0006C74206F6E207468726561643A20257391
:1028E0000D0A0D0A000000006861726420666175BF
:1028F0006C74206F6E2068616E646C65720D0A0DD9
:102900000A00000046505520616374697665210D08
:102910000A000000F0B504460D461646301D20F0B2
:10292000070044380146002203E00D4F41F82270B1
:10293000521C112AF9D34D624FF0000CC1F828C087
:10294000C1F82CC0C1F830C0C1F834C08B63CC636F
:102950004FF0807CC1F840C000270F60F0BD000040
:10296000EFBEADDE10B5FDF7E1FC04460848007887
:10297000401C0749087000BF0648006810B10548B0
:102980000068804700BF2046FDF7D4FC10BD000062
:10299000680000206000002010B5FDF7C7FC044669
:1029A00008480078401E0749087000BF06480068C4
:1029B00010B105480068804700BF2046FDF7BAFC0B
:1029C00010BD0000680000206400002070B50446BF
:1029D0002068A0F11405284601F07EF8002070BDA3
:1029E00070B505460EE0FDF7A1FC06462868A0F18B
:1029F00014044FF0FF302063204601F06DF830469C
:102A0000FDF798FC284600F080F80028EBD0002065
:102A100070BD2DE9F04105460C469046204601F078
:102A2000C3F8B8F1000F03D0B8F1010F23D105E0CE
:102A300004F11401284600F061F81CE02E680FE054
:102A4000A6F1140794F8350097F83510884206DA95
:102A500004F1140107F1140000F050F802E03668A8
:102A6000AE42EDD100BFAE4204D104F114012846BC
:102A700000F044F800BF00BF0020BDE8F08110B5B1
:102A8000044604F1140000F01BF8002010BD000003
:102A90000FB438B505A800907F210848009B049A20
:102AA00001F052FA04467F2C00D97F240348FFF737
:102AB0001DFE0020009038BC5DF814FBD83E0020BD
:102AC0004060006070474060006070474060006098
:102AD00070470268516002680A6001604860704790
:102AE0000268516002680A600160486070470268CD
:102AF000516002680A600160486070474268116076
:102B000042684A6041600860704701460868884230
:102B100001D1012070470020FCE701460868884287
:102B200001D1012070470020FCE7D0E9002151606D
:102B3000D0E900121160406000607047D0E90021C8
:102B40005160D0E9001211604060006070470000E1
:102B50002DE9F041054615B90020BDE8F081E81DDA
:102B600020F0070554480068854201D90020F4E7A9
:102B7000102D00D210254FF0FF31504800F030FDED
:102B80004F4800684F490968461A8AE04D48006876
:102B90008419608800287CD106F110006168081A49
:102BA000A8427AD306F110006168091A05F12000E5
:102BB000814230D306F1100000EB0508414800685F
:102BC00000EB08074FF4F5503880002078806068EB
:102BD0007860BE60C4F8048001206080364879685F
:102BE00000681030814205D0364978680968084489
:102BF000C0F808803448016805F1100008443249E3
:102C00000860324800680968884219D22E48006876
:102C10002E49086014E0012060802A496068096834
:102C2000611A401A2849096808442749086027485A
:102C300000680968884203D2234800682349086075
:102C40004FF4F55020801E480068844212D107E0FE
:102C50001B48006840681B49096808441849086017
:102C600017480068408828B1154800681849096865
:102C70008842EDD1114800F08BFC00BF1548006878
:102C800028B1294604F11000124A1268904700BF8B
:102C900000E002E004F110005FE70A4800683044F9
:102CA000466805480068401BB0423FF66FAF0348D6
:102CB00000F06EFC002050E780000020583F00200C
:102CC0007C00002074000020840000208800002088
:102CD000780000206C0000202DE9F04105460E46EA
:102CE00017462946042000F0E3FA044614B92046AA
:102CF000BDE8F08167722046FFF7C1FE2684218C73
:102D00008800FFF725FFE061E06920B9204600F068
:102D100005FB0020ECE700206084A084E08404F13F
:102D20002800FFF7CDFE2046E2E700002DE9F7433B
:102D300004460E46002700F0F9FE054600BF46484F
:102D4000006818B1204644490968884700BFFDF76C
:102D5000EDFA8046608C40B9029830B94046FDF7E4
:102D6000E9FA6FF00100BDE8FE833AE00020286335
:102D7000029830B94046FDF7DDFA6FF00100286394
:102D8000F1E7627A294604F11400FFF742FE029847
:102D900000280CDD00F078FF074602AA002105F1AB
:102DA0004C0000F0E3FF05F14C0001F023F8404631
:102DB000FDF7C0FA00F032FB286B08B1286BD2E7B0
:102DC000FDF7B4FA8046029800280ADD00F05CFFA7
:102DD000C71B0298C01B02900298002801DA00204D
:102DE0000290608C0028C1D0E18CE06950F821008D
:102DF0003060E08C401CE084E08C218C884201DB58
:102E00000020E084608C401E608404F12800FFF7FD
:102E10007CFE98B904F12800FFF7D8FD4046FDF785
:102E200089FA00BF0D48006818B120460B490968AF
:102E3000884700BF00F0F2FA002094E74046FDF713
:102E400079FA00BF0548006818B1204603490968AF
:102E5000884700BF002086E7040100200801002009
:102E600070B504460D4600222946204600F002F8BF
:102E700070BD00002DE9F74304460E46002700F020
:102E800055FE054600BF3E48006818B120463C4943
:102E90000968884700BFFDF749FA8046608C218C9D
:102EA000884208D1029830B94046FDF743FA6FF0E6
:102EB0000200BDE8FE8339E000202863029828B9AB
:102EC0004046FDF737FA6FF00200F2E7627A2946D2
:102ED00004F12800FFF79DFD029800280CDD00F0AA
:102EE000D3FE074602AA002105F14C0000F03EFF88
:102EF00005F14C0000F07EFF4046FDF71BFA00F0A4
:102F00008DFA286B08B1286BD3E7FDF70FFA8046DE
:102F1000029800280ADD00F0B7FEC71B0298C01B0C
:102F200002900298002801DA00200290608C218C27
:102F30008842C1D0A18CE06940F82160A08C401C7F
:102F4000A084A08C218C884201DB0020A084608CAE
:102F5000401C608404F11400FFF7D7FD50B904F160
:102F60001400FFF733FD4046FDF7E4F900F056FA90
:102F700000209EE74046FDF7DDF9002099E70000BC
:102F80000C0100202DE9F0410F46164604463D464F
:102F90003346102B28D305F0030C04F003084CEA49
:102FA000080CBCF1000F1FD121462A4610E052F850
:102FB00004CB41F804CB52F804CB41F804CB52F8CF
:102FC00004CB41F804CB52F804CB41F804CB103BBE
:102FD000102BECD204E052F804CB41F804CB1B1FB9
:102FE000042BF8D20C46154603E015F801CB04F883
:102FF00001CBB3F1000CA3F10103F6D1BDE8F081E0
:10300000F0B50C460546E6B2042A15D300F00307D6
:1030100097B9014646EA062343EA034304E008C1A0
:1030200008C108C108C1103A102AF8D201E008C14D
:10303000121F042AFBD20D4601E005F8016B171E92
:10304000A2F10102F9D1F0BD2DE9F047074688460B
:1030500091469A463946052000F02AF9044614B9EB
:103060002046BDE8F08784F809A02046FFF707FD59
:1030700008F1070020F007002084A4F82290218C9A
:10308000091D628C01FB02F0FFF762FDE061E0695F
:1030900020B9204600F018F80020E2E70020A062E6
:1030A000E0622063002508E0208C001DE16905FB3B
:1030B0000016206B306026636D1C608CA842F3DC28
:1030C0000020A0842046CCE710B5044604F114008B
:1030D000FFF786FCE069FFF76BFA204600F01EF967
:1030E000002010BD2DE9FF4704460F4690464FF0E3
:1030F000000900F01BFD054600BF4248006818B1FA
:10310000204640490968884700BFFDF70FF982460D
:10311000A08C48B9039838B95046FDF70BF96FF009
:10312000010004B0BDE8F0873CE00020286303986C
:1031300030B95046FDF7FEF86FF001002863F0E764
:10314000627A294604F11400FFF763FC0398002813
:103150000CDD00F099FD814603AA002105F14C0029
:1031600000F004FE05F14C0000F044FE5046FDF76F
:10317000E1F800F053F9286B08B1286BD1E7FDF7AF
:10318000D5F88246039800280CDD00F07DFDA0EB09
:1031900009090398A0EB090003900398002801DABD
:1031A00000200390A08C0028BFD0A66A3068A062DF
:1031B000E06AB04201D10020E062A08C401EA084F1
:1031C0005046FDF7B7F8208C404501D2208C00E036
:1031D00040460246311D3846FFF7D4FEFDF7A6F8FB
:1031E0008246206B306026635046FDF7A3F800BF8F
:1031F0000548006818B1204603490968884700BFA0
:1032000000208EE704010020080100202DE9F04194
:1032100004460F461646208CB04203D24FF0FF30D2
:10322000BDE8F08100BF2148006818B120461F4961
:103230000968884700BFFDF779F88046256B2DB9EE
:103240004046FDF777F86FF00200E9E72868206351
:103250004046FDF76FF80020286032463946281DA9
:10326000FFF790FEFDF762F88046E06A08B1E06A79
:103270000560E562A06A00B9A562A08C401CA0842C
:1032800004F11400FFF741FC50B904F11400FFF7FA
:103290009DFB4046FDF74EF800F0C0F80020BFE768
:1032A0004046FDF747F80020BAE700000C01002077
:1032B0002DE9F04106460F46304600F067F8054616
:1032C000E868FFF745FC044614B90020BDE8F0812A
:1032D00000212046EA68FFF793FE26720020607204
:1032E00008223946204600F02CFA00BF0A48006840
:1032F00018B1204608490968884700BFFDF716F84D
:10330000804604F10C01281DFFF7E3FB4046FDF762
:1033100011F82046DAE70000FC00002070B50446F2
:1033200000BF0C48006818B120460A490968884760
:1033300000BF00202072FCF7F9FF054604F10C00E5
:10334000FFF7F3FB2846FCF7F5FF2046FFF730F9BF
:1033500070BD00000001002070B5044600BF0A489F
:10336000006818B1204608490968884700BF002056
:103370002072FCF7DBFF054604F10C00FFF7D5FBDC
:103380002846FCF7D7FF70BD00010020024600214F
:103390000AE0074800EB01100078904203D104488E
:1033A00000EB01107047491C0729F2DB0020F9E708
:1033B0008C0000202DE9F04104460D4616462846B3
:1033C000FFF7E4FF074645F08000207208223146EF
:1033D000204600F0B6F900BF0A48006818B1204640
:1033E00008490968884700BFFCF7A0FF804604F140
:1033F0000C01381DFFF76DFB4046FCF79BFFBDE855
:10340000F0810000FC0000200146087A00F08000F6
:1034100008B1012070470020FCE700002DE9F041D1
:10342000FCF784FF074620480088002837D11F4852
:103430000068FEF779F9461E1D4850F83600A0F1E5
:1034400014041C480068844225D01B490E7019489A
:103450000568046000BF1948006820B1214628466D
:10346000164A1268904700BF1548007848B904F121
:103470001C0105F11C00FCF760FF3846FCF75AFF01
:103480000CE004F11C0105F11C00FCF756FF384666
:10349000FCF750FF02E03846FCF74CFF02E03846EC
:1034A000FCF748FFBDE8F081100100201C0100205E
:1034B000783F00201401002018010020280100207E
:1034C0006800002070B50446FCF730FF054614F88C
:1034D000340F20F00F0040F0010020706278343C7F
:1034E0000A4B03EBC20004F1140142681160426808
:1034F0004A604160086000BF0549A06B0968084345
:10350000034908602846FCF715FF70BD783F00208E
:103510001C01002070B50446FCF708FF054604F1C5
:103520001400D0E900215160D0E900121160406020
:10353000006000BF94F83510094A02EBC100016831
:10354000814201D1012100E0002129B10548A16B90
:1035500000688843034908602846FCF7EBFE70BD0D
:10356000783F00201C0100202DE9F04104460D4663
:1035700016461F462A4601212046FFF71BFF20461C
:10358000FFF77DFAA68367720020BDE8F081000096
:1035900070B5044600BF1148006818B120460F49B5
:1035A0000968884700BF0025FCF7C0FE064604F105
:1035B0001400FFF7AAFA28B904F11400FFF706FA7D
:1035C000012502E0A08B401CA0833046FCF7B2FE30
:1035D000012D01D1FFF722FF002070BD0C0100205A
:1035E00073B5054600BF2448006818B12846224933
:1035F0000968884700BFFCF799FE0646A88B00289B
:1036000006DDA88B401EA8833046FCF793FE28E019
:10361000019828B93046FCF78DFE6FF001007CBDA3
:1036200000F084FA0446002020636A7A214605F1FE
:103630001400FFF7EEF90198002809DD01AA002126
:1036400004F14C0000F092FB04F14C0000F0D2FBBE
:103650003046FCF76FFEFFF7E1FE206B08B1206BF0
:10366000DDE700BF0548006818B12846034909682E
:10367000884700BF0020D2E7040100200801002095
:1036800008B509A0FFF704FA0AA0FFF701FA12A093
:10369000022301220321009012A0FFF7F9F919A0DB
:1036A000FFF7F6F908BD00000A205C207C202F0AF5
:1036B000000000002D205254202D202020202054D6
:1036C0006872656164204F7065726174696E67200D
:1036D00053797374656D0A00417567202038203274
:1036E00030323600202F207C205C20202020202516
:1036F000642E25642E2564206275696C6420257310
:103700000A0000002032303036202D20323031398E
:1037100020436F70797269676874206279207274CF
:103720002D746872656164207465616D0A00000023
:1037300001460A4600E0521C10780028FBD1501ABE
:10374000704770B50346A2B118460C4600BF14F886
:10375000016B00F8016B3EB902E0002500F8015B47
:10376000551E2A1EF9D102E0551E2A1EEFD100BFB8
:1037700000BF184670BD00002DE9F04105460E4619
:10378000E81D20F0070726F00708B8F1200F09D937
:10379000A8F12000B84205D3A8EB070020381E4945
:1037A000086006E0324629461CA0FFF771F9BDE823
:1037B000F0812948076004684FF4F55020801648CE
:1037C0000068103060600020A0606080224960685E
:1037D00009680844214908604FF4F55009680880D9
:1037E00001201E49096848800B48006810301B49B9
:1037F00009684860084800681030184909688860FE
:103800000023012216A11848FFF7AEFE12480068F7
:103810001649086000BFCAE7800000206D656D2072
:10382000696E69742C206572726F722062656769B7
:103830006E206164647265737320307825782C2063
:10384000616E6420656E64206164647265737320C8
:10385000307825780A0000007400002078000020ED
:103860006865617000000000583F00207C00002067
:1038700010B500200B490880002405E00A4901EB3F
:10388000C400FFF720F9641C202CF7DB1F20074938
:103890000870002006490860064908600648FFF7DE
:1038A00012F910BD10010020783F002018010020FF
:1038B000140100201C0100202001002070B50848E0
:1038C0000068FDF731FF451E064850F83500A0F1AD
:1038D00014040548046004F11C00FCF774FD70BD7D
:1038E0001C010020783F00201401002010B50024A6
:1038F00005E0044901EBC400FFF7E8F8641C002C64
:10390000F7D010BD3801002070472DE9FF5F064653
:103910000F4690461D46DDE90EAB31460020FFF70D
:10392000C7FC8146B9F1000F03D1002004B0BDE807
:10393000F09F2846FFF70CF9044624B94846FFF7E4
:10394000EDFC0020F2E743463A46314648468DE812
:10395000300CFDF71FFF4846E8E710B50446204647
:1039600000F0EAF810BD000070B512480468FCF7DA
:10397000DDFC05462046FFF7CDFD042084F8340029
:1039800004F14C0000F00EFA2046FFF73DFD01283F
:1039900005D1A06F18B92046FFF7DEFC04E004F162
:1039A00014010548FFF79CF82846FCF7C3FCFFF715
:1039B00035FD70BD14010020200100200FE000241F
:1039C00008E0074850F8240018B1054951F82400D0
:1039D0008047641C042CF4D300F004F800BFEEE729
:1039E000C83E002070B537E0FCF7A0FC0546FDF7A7
:1039F000C7FE18B31B480068A0F1140404F11400BA
:103A0000D0E900215160D0E90012116040600060EF
:103A100000BFFEF79FFDA06F10B12046A16F884741
:103A20002046FFF7F1FC012805D1FEF7A3FD28464B
:103A3000FCF780FC70BDFEF79DFD03E02846FCF717
:103A400079FCF7E72846FCF775FCA06AFEF7B0FDA5
:103A50002046FFF763FC00BFFDF792FE0028C3D1AC
:103A600000BFE7E7200100201FB520201F21C20072
:103A7000074BCDE90032CDE902100023054A06A12B
:103A8000074800F00FF8064800F078F81FBD000066
:103A9000C83D0020BD3900087469646C65000000F1
:103AA000483D00202DE9FF5F05460C4616461F469F
:103AB000DDE910ABDDE90E89224600212846FFF73B
:103AC00079FC3B463246214628468DE8000FFDF73B
:103AD00061FE04B0BDE8F09F70B5044694F8340070
:103AE00000F00F00022802D04FF0FF3070BDFCF74D
:103AF0001DFC054604F11400FFF720F804F14C000A
:103B000000F0FEF92846FCF715FC2046FFF7DAFC2A
:103B100000BF0548006818B1204603490968884776
:103B200000BF0020E2E700003001002001480068EB
:103B3000704700001401002031B5FCF7F7FB054683
:103B40000D480468204600F02FF86A46002104F171
:103B50004C0000F00BF904F14C0000F04BF9284642
:103B6000FCF7E8FBFFF75AFC206B801C08B900202B
:103B70002063002038BD00001401002010B5044669
:103B80003434A07860706178012088406060022041
:103B900004F834092046FFF79FFFFFF7C7FF08B17D
:103BA000FFF73CFC002010BD70B5044694F83400CB
:103BB00000F00F00012802D04FF0FF3070BDFCF77D
:103BC000B5FB054694F8340020F00F0040F00200E9
:103BD00084F834002046FFF79DFC04F14C0000F00F
:103BE0008FF92846FCF7A6FB00BF0548006818B10E
:103BF000204603490968884700BF0020DEE700002F
:103C00002C01002070B5044625466FF001002863A2
:103C100005F11400FEF792FF2846FFF753FCFFF76B
:103C2000FDFB70BD70B5FCF781FB054614480468C8
:103C300094F8340000F00F0001281CD1D4E90510DD
:103C4000814218D004F11400FEF778FF94F8352073
:103C50000C4B03EBC20004F114014268116042688E
:103C60004A604160086000BF2846FCF763FBFFF72D
:103C7000D5FB002070BD2846FCF75CFB0020F9E76F
:103C800014010020783F00200148006870470000C0
:103C90005C00002010B50A480068401C0849086014
:103CA000FFF744FF0446A06C401EA064A06C18B946
:103CB000606CA064FFF7B6FF00F004F810BD0000D0
:103CC0005C00002070B5FFF7DFFF0546FCF72EFB18
:103CD00006463AE022480068A0F11404A06A281AB7
:103CE0006FF0004188422FD200BF1E48006818B113
:103CF00020461C490968884700BF2046FDF7B9FDEA
:103D0000D4E907108847FFF7BFFF054600BF1648F4
:103D1000006818B1204614490968884700BF607AD6
:103D200000F0020058B1607A00F0010038B1607A0A
:103D300020F001006072204600F05CF805E0607A37
:103D400020F00100607200E004E00548FEF7E5FEA7
:103D50000028BFD000BF3046FCF7ECFA70BD000071
:103D6000380100204001002044010020034649B1F1
:103D7000012904D0022908D0032910D10AE0586A89
:103D800010600CE01068586209E0587A20F00200D8
:103D9000587204E0587A40F00200587200BF00BF29
:103DA0000020704770B50446FCF7C0FA054620466F
:103DB000FDF75FFD2846FCF7BDFA2046FFF7CCFA79
:103DC000002070BD2DE9F84307460C4615461E46F7
:103DD000DDE90889224609213846FFF7EBFA434618
:103DE000324629463846CDF80090FDF721FDBDE862
:103DF000F88300002DE9F8430546FCF797FA804662
:103E00002846FDF736FD687A20F0010068724046CA
:103E1000FCF790FA00BF3748006818B128463549CA
:103E20000968884700BFFFF72FFF696A0844A86246
:103E3000FCF77CFA8046304E009600242AE019E018
:103E40005DF824201168142202EBC402881A826AE9
:103E5000AB6AD21A00D108E0826AAB6AD21A6FF05C
:103E600000439A4200D20CE000BF5DF824000068D5
:103E70004DF824005DF8240006EBC401496888422F
:103E8000DED100BF2CB15DF824000830611C4DF874
:103E90002100641C002CD2D018480068401C17492F
:103EA00008600846076805F114010098FEF71FFE38
:103EB000022412E007F0030060B9C4F1010305F128
:103EC000140202EBC301C4F101025DF82200FEF707
:103ED0000EFE00E003E0BF08641C012CEAD900BF1D
:103EE000687A40F0010068724046FCF723FA00202F
:103EF000BDE8F883080100203801002048010020B7
:103F000070B50446607A00F0010010B94FF0FF3040
:103F100070BD00BF0B48006818B120460949096808
:103F2000884700BFFCF702FA05462046FDF7A1FCD2
:103F30002846FCF7FFF9607A20F00100607200204B
:103F4000E6E700000C0100202DE9FF4F89B0804614
:103F500044460A984044461E464504D24FF0FF3678
:103F6000A6EB08000A906FE10B980078252806D090
:103F7000B44202D80B9800782070641C61E10025DF
:103F800026E00B98401C0B900B9800782D2802D14E
:103F900045F010051CE00B9800782B2802D145F065
:103FA000040515E00B980078202802D145F008059B
:103FB0000EE00B980078232802D145F0200507E099
:103FC0000B980078302802D145F0010500E000E0B0
:103FD000D7E700BF4FF0FF370B98007830380A283A
:103FE00004D20BA800F056FA07460EE00B980078B2
:103FF0002A280AD10B98401C0B900C9880C80C9072
:10400000002F02DA7F4245F010054FF0FF390B9880
:1040100000782E281CD10B98401C0B900B98007830
:1040200030380A2804D20BA800F034FA81460AE09E
:104030000B9800782A2806D10B98401C0B900C98FE
:1040400050F8049B0C90B9F1000F01DA4FF0000911
:10405000002004900B980078682803D00B98007813
:104060006C2805D10B98007804900B98401C0B909D
:104070000A2005900B9800786F2875D00CDC632817
:1040800013D004DC252870D058286FD18DE0642827
:104090006DD06928F9D18FE070286AD0732825D0B7
:1040A000752878D07828F0D182E005F0100040B96A
:1040B00004E0B44201D820202070641C781E071E42
:1040C000F7DC0C9810F8041B0C90C8B20790B442AF
:1040D00001D807982070641C04E0B44201D8202065
:1040E0002070641C781E071EF7DCAAE00C9800689C
:1040F00006900C98001D0C90069808B95AA00690DE
:104100000698FFF715FB8346B9F1000F02DDCB459A
:1041100000DDCB4605F0100048B904E0B44201D8F8
:1041200020202070641C38467F1E5845F6DC002095
:1041300008900BE0B44202D8069800782070641C06
:104140000698401C06900898401C0890089858450E
:10415000F0DB04E0B44201D820202070641C384613
:104160007F1E5845F6DC6CE01CE015E028E022E0FC
:10417000FFE7781C10B9082745F00105CDE9007963
:1041800002950C9804C8102331460C902046FEF787
:10419000E1F8044655E012E0B44201D82520207031
:1041A000641C4EE0082005901DE045F0400500BF6E
:1041B0001020059017E000BF45F0020500BF12E097
:1041C000B44201D825202070641C0B98007830B1CF
:1041D000B44202D80B9800782070641C02E00B985F
:1041E000401E0B902DE000BF04986C2807D10C985E
:1041F00050F804AB0C9005F00200B8B116E004983A
:1042000068280BD10C9830F8041B1FFA81FA0C9027
:1042100005F0020050B10FFA8AFA07E00C9850F846
:1042200004AB0C9005F0020000B100BFCDE90079AD
:104230000295524631462046059BFEF78BF8044610
:1042400000BF0B98401C0B900B98007800287FF45F
:104250008BAEB44201D8207001E000203070A4EB96
:1042600008000DB0BDE8F08F284E554C4C290000D9
:1042700000207047002070470020704700207047E2
:1042800070B505460DB9002070BDFCF74FF8064625
:10429000286820B93046FCF74DF80020F4E72C6878
:1042A000E06828600020E06001202072002060604B
:1042B00060803046FCF73EF82046E5E730B503461F
:1042C0000020106000BF18E0002403EB00156C8094
:1042D00003EB0015EC6003EB00152C7203EB0015EB
:1042E0006C6018B903EB0014146005E003EB0015D3
:1042F000441E03EB0414E560401C8842E4DB00200C
:104300001061D06090605060107630BD2DE9F041B2
:1043100005460C4605B10CB9BDE8F081FCF706F87E
:10432000074600202072606060802E682C6028683C
:10433000C6603846FBF7FEFF00BFEDE770B50446E8
:10434000FBF7F4FF064624B93046FBF7F3FF0020E5
:1043500070BD606820B93046FBF7ECFF0020F7E73E
:104360006568E8686060606808B90020A0600020A7
:10437000E860042028723046FBF7DCFF2846E7E7B8
:1043800070B505460C4605B104B970BDFBF7CEFF0C
:1043900006460020E06002202072A86810B96C6018
:1043A000AC6002E0A868C460AC603046FBF7C2FFB6
:1043B00000BFEAE710B5FBF7B9FFFEF77DF9FFF79D
:1043C0005FF9FFF793FAFFF753FAFEF78FF8FFF75D
:1043D0009BFAFFF749FBFFF771FA002010BD0000C0
:1043E00010B500228B071C0F0F2303FA04F28B1069
:1043F00033B1012B13D0022B23D0032B45D132E054
:10440000234B1B689343224C236023461B688C0775
:10441000240F00FA04F423431D4C236036E01C4BA8
:104420001B1D1B6893431A4C241D236023461B68E5
:104430008C07240F00FA04F42343154C241D236039
:1044400024E0134B08331B689343114C083423605A
:1044500023461B688C07240F00FA04F423430C4CFA
:104460000834236012E00A4B0C331B689343084C5A
:104470000C34236023461B688C07240F00FA04F4D5
:104480002343034C0C34236000E000BF00BF10BD89
:10449000083801400146002009E00B685A1C0A60F8
:1044A0001A7800EB800302EB4302A2F130000A68A5
:1044B0001278303A0A2AF0D3704700210170417017
:1044C0008170C1700171417181710121C1717047A9
:1044D000026861F3861202607047426861F300026D
:1044E00042607047426861F3410242607047C269AE
:1044F00022F40062C2610A7862B9026822F40042C2
:104500000260026822F480420260026822F4806243
:10451000026036E00A78012A0ED1026822F40042D5
:104520000260026822F480420260026822F4806223
:1045300002F58062026024E00A78022A0ED1026845
:1045400022F4004202F500420260026822F4804236
:104550000260026822F48062026012E00A78032A94
:104560000FD1026822F4004202F5004202600268A4
:1045700022F4804202F580420260026822F48062E6
:104580000260CB79026863F3492202604A78012A0B
:1045900009D1CA79012A06D1026822F4807202F593
:1045A0008072026003E0026822F4807202604B783D
:1045B000026863F3820202608A78072A0DDC42688F
:1045C00022F400724260426822F4807242608B786A
:1045D000026863F3C502026020E08A780A2A0ED1DD
:1045E000426822F4007202F500724260426822F4CE
:1045F00080724260026822F0380202600EE0426877
:1046000022F400724260426822F4807202F58072E5
:1046100042608A78036862F3C5030360CB7802685E
:1046200063F3C71202600B79026863F3CB22026066
:104630004B79026863F3410202608B79026863F38D
:1046400000020260704700002DE9FC5F0024002595
:104650000026A146A246A34600200190FDF7ACFB30
:104660000090009820B1012814D0022841D115E013
:104670002B480068C0F3803040B129480068C0F37F
:10468000003018B127482849086002E02748264929
:10469000086032E02648244908602EE020489C3813
:1046A0000068C0F380591E489C380068C0F3881425
:1046B0001B489C38006800F00F0519489C380068BA
:1046C000C0F302401B490E5CB9F1000F02D1DFF8C4
:1046D0005CA001E0DFF858A005FB06FCAAFB047013
:1046E0000146624600233846FBF7BAFE0E490860D1
:1046F00003E00E480C49086000BF00BF0848983826
:104700000068C0F3031B0C4810F80B00019006482A
:1047100000680199C84004490860BDE8FC9F00009A
:10472000A0380240006CDC020800002000127A0071
:104730000024F4009C5000088C500008042808D184
:104740004FF0E021096941F004014FF0E0221161CE
:1047500007E04FF0E021096921F004014FF0E02269
:10476000116170477FB50446002600256846FDF7B5
:10477000C5F90198C6080020FFF7E0FFB6FBF4F585
:10478000681EB0F1807F02D3002004B070BD681EA7
:104790004FF0E0214861002088610846006940F040
:1047A000030008610120F0E710B572B6FDF776FC52
:1047B000FCF736FEFBF7FEFF62B610BDB0F1804F8E
:1047C00002D0044A904203D1026861F38A22026057
:1047D00070470000000C0040C1628262436923F010
:1047E00001035B1C43617047026861F309220260A8
:1047F0007047026861F3061202607047026861F355
:10480000000202607047026861F3C71202607047DD
:10481000426861F3061242607047826861F3C71212
:1048200082607047426961F3861242617047426953
:1048300061F3C71242617047C26861F34D32C260D2
:10484000704741B9426922F480724261426922F4A0
:104850000072426127E001290AD1426922F4807284
:1048600002F580724261426922F4007242611AE0EC
:1048700002290AD1426922F480724261426922F41B
:10488000007202F5007242610DE003290BD142690A
:1048900022F4807202F580724261426922F4007251
:1048A00002F50072426170472DE9FF4704468846D1
:1048B000164699466846FDF721F92448844202D0FD
:1048C0002348844201D1029F00E0039F07EB870049
:1048D0004000B0FBF8F50A20B5FBF0F100FB1150E9
:1048E000052803D20A20B5FBF0F503E00A20B5FB4A
:1048F000F0F0451CA06865F30F00A06056B9E068B1
:1049000020F0805000F18050E060E06820F480509A
:10491000E06014E0012E08D1E06820F08050E060F3
:10492000E06820F48050E06009E0E06820F080500A
:10493000E060E06820F4805000F58050E06020697D
:1049400069F30D302061BDE8FF87000000100140D1
:104950000014014041B9C26822F40072C260C2680A
:1049600022F48062C2601AE001290AD1C26822F4EE
:104970000072C260C26822F4806202F58062C26086
:104980000DE002290BD1C26822F4007202F5007218
:10499000C260C26822F4806202F58062C260704721
:1049A000C26861F38202C2607047C26861F3C302E9
:1049B000C260704700B585B01348FDF761FA6846DC
:1049C000FDF707FA0020ADF808008DF80F00012070
:1049D0008DF80D0000208DF80E008DF80C008DF87C
:1049E00011008DF8100069460748FDF70FFA012104
:1049F00005480838FDF77CFA18210348FC30FDF71C
:104A00007EFA05B000BD00000864024000B585B024
:104A10001648FDF735FA6846FDF7DBF91020ADF8CA
:104A2000080000208DF80F0001208DF80D000020F7
:104A30008DF80E008DF80C008DF811008DF8100027
:104A400069460A48FDF7E2F9012108481C38FDF7DC
:104A50004FFA19210548EC30FDF751FA01220221E5
:104A60000248FDF704FA05B000BD00001C640240D6
:104A700000B585B01648FDF703FA6846FDF7A9F9B9
:104A80000020ADF808008DF80F0001208DF80D0012
:104A900000208DF80E008DF80C0003208DF8110019
:104AA00000208DF8100069460948FDF7AFF9012193
:104AB00007485838FDF71CFA0A210548BC30FDF7B5
:104AC0001EFA012202210248FDF7D1F905B000BD0E
:104AD0005864024000B585B01748FDF7D1F9684623
:104AE000FDF777F91020ADF8080000208DF80F00D1
:104AF00001208DF80D0000208DF80E008DF80C00BF
:104B000003208DF8110000208DF8100069460A4836
:104B1000FDF77CF9012108486C38FDF7E9F90B2114
:104B20000548AC30FDF7EBF9012202210248FDF700
:104B30009EF905B000BD00006C64024043608160D6
:104B4000C260704700B585B003A8FDF73EFA0020AB
:104B50008DF812004020039000208DF8110003A969
:104B60000C48FDF73CFA06210020FFF739FC6846A7
:104B7000FDF7CAF901208DF8090000208DF800002A
:104B80004020019000208DF808006846FDF7CAF922
:104B900005B000BD000002401CB56846FDF715FADF
:104BA0004FF400410A48FDF709FA02208DF807008A
:104BB00000208DF8040001208DF80600C00300904D
:104BC00000208DF8050069460148FDF708FA1CBD74
:104BD0000000024070B50320FDF76CFBFCF76AFD96
:104BE000054600221146FCF70AFB044621466FF0F9
:104BF0000B00FCF767FDFCF75DFD05460022114642
:104C0000FCF7FDFA044621466FF00A00FCF75AFD56
:104C1000FCF750FD054600221146FCF7F0FA044669
:104C200021466FF00900FCF74DFDFCF743FD0546FA
:104C300000221146FCF7E3FA044621466FF0040017
:104C4000FCF740FDFCF736FD054600221146FCF757
:104C5000D6FA044621466FF00300FCF733FDFCF75B
:104C600029FD054600220F21FCF7C9FA044621461A
:104C70006FF00100FCF726FDFCF71CFD0546002245
:104C80001146FCF7BCFA044621464FF0FF30FCF712
:104C900019FD002211461720FDF7A8FA002211463F
:104CA0001C20FDF7A3FA002211463220FDF79EFAE0
:104CB000002211463820FDF799FA002211463920CA
:104CC000FDF794FA002211463C20FDF78FFA0022EE
:104CD00011464420FDF78AFA70BD000010B501218D
:104CE0004FF44010FCF7C4FF01211248FCF7C0FF4D
:104CF00001211048801DFCF7BBFF01210D48153034
:104D0000FCF7B6FF01218805FCF7B2FF01210A4834
:104D1000FCF7AEFF01210948FCF7AAFF0121074873
:104D20000830FCF7A5FF012104480A30FCF7A0FF7A
:104D300010BD0000010030000300400004004400EA
:104D40001FB502A8FDF741F96846FFF7B6FB05223B
:104D500003213548FDF780F902208DF80F0000206F
:104D60008DF80C0002208DF80E0008200290002023
:104D70008DF80D0002A92C48FDF731F90522042118
:104D80002948FDF769F902208DF80F0000208DF801
:104D90000C0002208DF80E001020029000208DF8EB
:104DA0000D0002A92048FDF71AF9052211461E48F8
:104DB000FDF752F902208DF80F0000208DF80C004D
:104DC00002208DF80E002020029000208DF80D00AA
:104DD00002A91548FDF703F900208DF80000012015
:104DE0008DF8010000208DF804008DF803000320E9
:104DF0008DF8020000208DF805008DF806000120D6
:104E00008DF8070069460948FFF771FB0121074843
:104E1000FFF768FB01210548FFF75FFB012103480D
:104E2000FFF756FB1FBD00000004024000300140A8
:104E300010B5FCF767FF01212B48FCF719FF2B4841
:104E4000006920F00700401C2849086128480068D4
:104E500020F00300401C2649086001210420FCF7D3
:104E600019FE00BF2348FCF7D3FE0128FAD1012127
:104E70000846FCF70FFE00BFFCF7E2FE0028FBD05F
:104E800001210020FCF706FE00BF0120FCF7C0FE58
:104E90000128FAD10223012290210020FCF70EFF05
:104EA00001210220FCF7F6FD00BF1920FCF7B0FE3F
:104EB0000128FAD10020FCF7BBFD0420FCF7CCFD53
:104EC0000420FCF7BFFD0120FCF7D0FD0220FCF719
:104ED00055FF00BFFCF770FF0228FBD10020FCF754
:104EE000C5FDFFF7B1FB10BD1C0040000070004085
:104EF000603C02400100740010B500214FF080407A
:104F0000FFF777FC00214FF08040FFF76DFC002198
:104F10004FF08040FFF777FC40F21F1240F6C311BC
:104F20004FF08040FFF758FC00214FF08040FFF722
:104F300074FC00214FF08040FFF76AFC01218807D4
:104F4000FFF75CFC4FF08040C06820F00100401C7F
:104F50004FF08041C86010BD10B501211148FFF726
:104F60002DFC00210F48FFF744FC00210D48FFF7FE
:104F70003BFC00210B48FFF746FC40F21F124FF0AC
:104F8000FF310848FFF728FC00210648FFF745FCE1
:104F900000210448FFF73CFC01210248FFF72EFCEA
:104FA00010BD0000000C00401CB56846FDF70DF870
:104FB000072206212748FDF74FF802208DF8070049
:104FC00000208DF8040002208DF80600402000909B
:104FD00000208DF8050069461E48FDF700F80722FD
:104FE00011461C48FDF738F802208DF80700002014
:104FF0008DF8040002208DF806008020009000202B
:105000008DF8050069461348FCF7E9FF00230122EB
:105010004FF461211048FFF747FC01210E48FFF7CC
:10502000C4FC01210C48FFF7BBFC00210A48FFF734
:1050300091FC01210848FFF7FAFB01210648FFF720
:10504000F1FB00210448FFF7FCFB01210248FFF7B8
:10505000F3FB1CBD00040240001001404FF0407003
:10506000E1EE100A7047000000000000000001029D
:105070000304060708090000000001020304000001
:1050800000000102030401020408102000000000D7
:1050900000000000010203040607080901020408D9
:1050A00010200000005EBCE2613FDD83C29C7E20D8
:1050B000A3FD1F419DC3217FFCA2401E5F01E3BDF4
:1050C0003E6082DC237D9FC1421CFEA0E1BF5D03E8
:1050D00080DE3C62BEE0025CDF81633D7C22C09EDC
:1050E0001D43A1FF4618FAA427799BC584DA3866C8
:1050F000E5BB5907DB856739BAE406581947A5FBB4
:105100007826C49A653BD987045AB8E6A7F91B45A7
:10511000C6987A24F8A6441A99C7257B3A6486D89B
:105120005B05E7B98CD2306EEDB3510F4E10F2AC87
:105130002F7193CD114FADF3702ECC92D38D6F3173
:10514000B2EC0E50AFF1134DCE90722C6D33D18F67
:105150000C52B0EE326C8ED0530DEFB1F0AE4C125B
:1051600091CF2D73CA947628ABF517490856B4EA47
:105170006937D58B5709EBB536688AD495CB297733
:10518000F4AA4816E9B7550B88D6346A2B7597C927
:105190004A14F6A8742AC896154BA9F7B6E80A541B
:1051A000D7896B3500002110422063308440A55020
:1051B000C660E770088129914AA16BB18CC1ADD15D
:1051C000CEE1EFF13112100273325222B552944205
:1051D000F772D662399318837BB35AA3BDD39CC3AD
:1051E000FFF3DEE36224433420040114E664C77451
:1051F000A44485546AA54BB528850995EEE5CFF5FD
:10520000ACC58DD55336722611163006D776F666A4
:105210009556B4465BB77AA719973887DFF7FEE74C
:105220009DD7BCC7C448E5588668A7784008611870
:1052300002282338CCC9EDD98EE9AFF9488969999C
:105240000AA92BB9F55AD44AB77A966A711A500A44
:10525000333A122AFDDBDCCBBFFB9EEB799B588BEC
:105260003BBB1AABA66C877CE44CC55C222C033C90
:10527000600C411CAEED8FFDECCDCDDD2AAD0BBD3C
:10528000688D499D977EB66ED55EF44E133E322EE4
:10529000511E700E9FFFBEEFDDDFFCCF1BBF3AAF8C
:1052A000599F788F8891A981CAB1EBA10CD12DC1EA
:1052B0004EF16FE18010A100C230E3200450254080
:1052C00046706760B9839893FBA3DAB33DC31CD3E0
:1052D0007FE35EF3B1029012F322D23235421452D0
:1052E00077625672EAB5CBA5A89589856EF54FE52C
:1052F0002CD50DC5E234C324A01481046674476420
:1053000024540544DBA7FAB79987B8975FE77EF77F
:105310001DC73CD7D326F2369106B016576676766F
:10532000154634564CD96DC90EF92FE9C899E9894B
:105330008AB9ABA94458654806782768C018E108BF
:105340008238A3287DCB5CDB3FEB1EFBF98BD89B1F
:10535000BBAB9ABB754A545A376A167AF10AD01A0F
:10536000B32A923A2EFD0FED6CDD4DCDAABD8BAD6B
:10537000E89DC98D267C076C645C454CA23C832C5F
:10538000E01CC10C1FEF3EFF5DCF7CDF9BAFBABFBF
:10539000D98FF89F176E367E554E745E932EB23EAF
:1053A000D10EF01E00000000963007772C610EEE43
:1053B000BA51099919C46D078FF46A7035A563E96C
:1053C000A395649E3288DB0EA4B8DC791EE9D5E093
:1053D00088D9D2972B4CB609BD7CB17E072DB8E792
:1053E000911DBF906410B71DF220B06A4871B9F3E7
:1053F000DE41BE847DD4DA1AEBE4DD6D51B5D4F420
:10540000C785D38356986C13C0A86B647AF962FD84
:10541000ECC9658A4F5C0114D96C0663633D0FFAD1
:10542000F50D088DC8206E3B5E10694CE44160D5D7
:10543000727167A2D1E4033C47D4044BFD850DD2C1
:105440006BB50AA5FAA8B5356C98B242D6C9BBDBD4
:1054500040F9BCACE36CD832755CDF45CF0DD6DCCF
:10546000593DD1ABAC30D9263A00DE518051D7C876
:105470001661D0BFB5F4B42123C4B3569995BACF01
:105480000FA5BDB89EB802280888055FB2D90CC622
:1054900024E90BB1877C6F2F114C6858AB1D61C19B
:1054A0003D2D66B69041DC760671DB01BC20D298BA
:1054B0002A10D5EF8985B1711FB5B606A5E4BF9F47
:1054C00033D4B8E8A2C9077834F9000F8EA809963A
:1054D00018980EE1BB0D6A7F2D3D6D08976C6491A5
:1054E000015C63E6F4516B6B62616C1CD8306585BE
:1054F0004E0062F2ED95066C7BA5011BC1F408829B
:1055000057C40FF5C6D9B06550E9B712EAB8BE8BDB
:105510007C88B9FCDF1DDD62492DDA15F37CD38C64
:10552000654CD4FB5861B24DCE51B53A7400BCA362
:10553000E230BBD441A5DF4AD795D83D6DC4D1A494
:10554000FBF4D6D36AE96943FCD96E34468867AD6B
:10555000D0B860DA732D0444E51D03335F4C0AAA0A
:10556000C97C0DDD3C710550AA41022710100BBE0D
:1055700086200CC925B56857B3856F2009D466B954
:105580009FE461CE0EF9DE5E98C9D9292298D0B089
:10559000B4A8D7C7173DB359810DB42E3B5CBDB736
:1055A000AD6CBAC02083B8EDB6B3BF9A0CE2B603B7
:1055B0009AD2B1743947D5EAAF77D29D1526DB046C
:1055C0008316DC73120B63E3843B64943E6A6D0DB7
:1055D000A85A6A7A0BCF0EE49DFF099327AE000A02
:1055E000B19E077D44930FF0D2A3088768F2011E95
:1055F000FEC206695D5762F7CB67658071366C192C
:10560000E7066B6E761BD4FEE02BD3895A7ADA104C
:10561000CC4ADD676FDFB9F9F9EFBE8E43BEB7172D
:10562000D58EB060E8A3D6D67E93D1A1C4C2D838B7
:1056300052F2DF4FF167BBD16757BCA6DD06B53F1D
:105640004B36B248DA2B0DD84C1B0AAFF64A03365C
:10565000607A0441C3EF60DF55DF67A8EF8E6E31DB
:1056600079BE69468CB361CB1A8366BCA0D26F2524
:1056700036E2685295770CCC03470BBBB916022271
:105680002F260555BE3BBAC5280BBDB2925AB42B86
:10569000046AB35CA7FFD7C231CFD0B58B9ED92C9B
:1056A0001DAEDE5BB0C2649B26F263EC9CA36A7500
:1056B0000A936D02A906099C3F360EEB85670772B7
:1056C00013570005824ABF95147AB8E2AE2BB17B1E
:1056D000381BB60C9B8ED2920DBED5E5B7EFDC7CA5
:1056E00021DFDB0BD4D2D38642E2D4F1F8B3DD68FC
:1056F0006E83DA1FCD16BE815B26B9F6E177B06FF7
:105700007747B718E65A0888706A0FFFCA3B0666E3
:105710005C0B0111FF9E658F69AE62F8D3FF6B6170
:1057200045CF6C1678E20AA0EED20DD75483044E12
:10573000C2B30339612667A7F71660D04D476949A0
:10574000DB776E3E4A6AD1AEDC5AD6D9660BDF40B3
:10575000F03BD83753AEBCA9C59EBBDE7FCFB24766
:10576000E9FFB5301CF2BDBD8AC2BACA3093B3534B
:10577000A6A3B4240536D0BA9306D7CD2957DE5454
:10578000BF67D9232E7A66B3B84A61C4021B685D2D
:10579000942B6F2A37BE0BB4A18E0CC31BDF055AA6
:1057A0008DEF022D00000000FB4C86000DD58A0015
:1057B000F6990C00E1E693001AAA1500EC331900E3
:1057C000177F9F003981A100C2CD270034542B00E0
:1057D000CF18AD00D8673200232BB400D5B2B80083
:1057E0002EFE3E00894EC50072024300849B4F008E
:1057F0007FD7C90068A8560093E4D000657DDC001F
:105800009E315A00B0CF64004B83E200BD1AEE0017
:10581000465668005129F700AA6571005CFC7D00BE
:10582000A7B0FB00E9D10C00129D8A00E4048600B9
:105830001F48000008379F00F37B190005E21500A0
:10584000FEAE9300D050AD002B1C2B00DD85270051
:1058500026C9A10031B63E00CAFAB8003C63B400C4
:10586000C72F3200609FC9009BD34F006D4A430091
:105870009606C50081795A007A35DC008CACD000E0
:1058800077E05600591E6800A252EE0054CBE200A9
:10589000AF876400B8F8FB0043B47D00B52D7100FC
:1058A0004E61F700D2A3190029EF9F00DF76930025
:1058B000243A150033458A00C8090C003E900000C8
:1058C000C5DC8600EB22B800106E3E00E6F7320021
:1058D0001DBBB4000AC42B00F188AD000711A10064
:1058E000FC5D27005BEDDC00A0A15A005638560095
:1058F000AD74D000BA0B4F004147C900B7DEC500F8
:105900004C924300626C7D009920FB006FB9F70058
:1059100094F57100838AEE0078C668008E5F64009B
:105920007513E2003B721500C03E930036A79F003E
:10593000CDEB1900DA94860021D80000D7410C0085
:105940002C0D8A0002F3B400F9BF32000F263E008E
:10595000F46AB800E31527001859A100EEC0AD00A5
:10596000158C2B00B23CD00049705600BFE95A009C
:1059700044A5DC0053DA4300A896C5005E0FC900B9
:10598000A5434F008BBD710070F1F7008668FB00E6
:105990007D247D006A5BE20091176400678E6800D9
:1059A0009CC2EE00A44733005F0BB500A992B9007A
:1059B00052DE3F0045A1A000BEED260048742A003B
:1059C000B338AC009DC69200668A1400901318008C
:1059D0006B5F9E007C200100876C870071F58B0057
:1059E0008AB90D002D09F600D645700020DC7C0038
:1059F000DB90FA00CCEF650037A3E300C13AEF007B
:105A00003A76690014885700EFC4D100195DDD00B3
:105A1000E2115B00F56EC4000E224200F8BB4E009E
:105A200003F7C8004D963F00B6DAB9004043B50011
:105A3000BB0F3300AC70AC00573C2A00A1A5260078
:105A40005AE9A00074179E008F5B180079C21400F9
:105A5000828E920095F10D006EBD8B009824870018
:105A600063680100C4D8FA003F947C00C90D70003F
:105A70003241F600253E6900DE72EF0028EBE300BC
:105A8000D3A76500FD595B000615DD00F08CD10041
:105A90000BC057001CBFC800E7F34E00116A42005C
:105AA000EA26C40076E42A008DA8AC007B31A00071
:105AB000807D26009702B9006C4E3F009AD73300D4
:105AC000619BB5004F658B00B4290D0042B0010009
:105AD000B9FC8700AE83180055CF9E00A3569200F4
:105AE000581A1400FFAAEF0004E66900F27F65006F
:105AF0000933E3001E4C7C00E500FA001399F60020
:105B0000E8D57000C62B4E003D67C800CBFEC40030
:105B100030B2420027CDDD00DC815B002A1857003F
:105B2000D154D1009F3526006479A00092E0AC00EA
:105B300069AC2A007ED3B500859F330073063F0011
:105B4000884AB900A6B487005DF80100AB610D007A
:105B5000502D8B0047521400BC1E92004A879E00B5
:105B6000B1CB1800167BE300ED3765001BAE690072
:105B7000E0E2EF00F79D70000CD1F600FA48FA0061
:105B800001047C002FFA4200D4B6C400222FC800C2
:105B9000D9634E00CE1CD10035505700C3C95B00FD
:105BA0003885DD0000000100020001000300010053
:105BB00002000100040001000200010003000100D6
:105BC00002000100050001000200010003000100C5
:105BD00002000100040001000200010003000100B6
:105BE00002000100060001000200010003000100A4
:105BF0000200010004000100020001000300010096
:105C00000200010005000100020001000300010084
:105C10000200010004000100020001000300010075
:105C20000200010007000100020001000300010062
:105C30000200010004000100020001000300010055
:105C40000200010005000100020001000300010044
:105C50000200010004000100020001000300010035
:105C60000200010006000100020001000300010023
:105C70000200010004000100020001000300010015
:105C80000200010005000100020001000300010004
:105C900002000100040001000200010003000100F5
:105CA0000200010030313233343536373839616221
:105CB0006364656600303132333435363738394104
:105CC00042434445460000007D42000875420008FA
:105CD0007142000879420008000801080000002015
:105CE0004C01000048020008440801084C01002053
:105CF0008C5D0000A402000800000000000000000D
:105D00000000000000000000000000000000000093
:105D10000000000000000000000000000000000083
:105D20000000000000000000000000000000000073
:105D30000000000000000000000000000000000063
:105D40000000000000000000000000000000000053
:105D50000000000000000000000000000000000043
:105D60000000000000000000000000000000000033
:105D70000000000000000000000000000000000023
:105D80000000000000000000000000000000000013
:105D90000000000000000000000000000000000003
:105DA00000000000000000000000000000000000F3
:105DB00000000000000000000000000000000000E3
:105DC00000000000000000000000000000000000D3
:105DD00000000000000000000000000000000000C3
:105DE00000000000000000000000000000000000B3
:105DF00000000000000000000000000000000000A3
:105E00000000000000000000000000000000000092
:105E10000000000000000000000000000000000082
:105E20000000000000000000000000000000000072
:105E30000000000000000000000000000000000062
:105E40000000000000000000000000000000000052
:105E50000000000000000000000000000000000042
:105E60000000000000000000000000000000000032
:105E70000000000000000000000000000000000022
:105E80000000000000000000000000000000000012
:105E90000000000000000000000000000000000002
:105EA00000000000000000000000000000000000F2
:105EB00000000000000000000000000000000000E2
:105EC00000000000000000000000000000000000D2
:105ED00000000000000000000000000000000000C2
:105EE00000000000000000000000000000000000B2
:105EF00000000000000000000000000000000000A2
:105F00000000000000000000000000000000000091
:105F10000000000000000000000000000000000081
:105F20000000000000000000000000000000000071
:105F30000000000000000000000000000000000061
:105F40000000000000000000000000000000000051
:105F50000000000000000000000000000000000041
:105F60000000000000000000000000000000000031
:105F70000000000000000000000000000000000021
:105F80000000000000000000000000000000000011
:105F90000000000000000000000000000000000001
:105FA00000000000000000000000000000000000F1
:105FB00000000000000000000000000000000000E1
:105FC00000000000000000000000000000000000D1
:105FD00000000000000000000000000000000000C1
:105FE00000000000000000000000000000000000B1
:105FF00000000000000000000000000000000000A1
:106000000000000000000000000000000000000090
:106010000000000000000000000000000000000080
:106020000000000000000000000000000000000070
:106030000000000000000000000000000000000060
:106040000000000000000000000000000000000050
:106050000000000000000000000000000000000040
:106060000000000000000000000000000000000030
:106070000000000000000000000000000000000020
:106080000000000000000000000000000000000010
:106090000000000000000000000000000000000000
:1060A00000000000000000000000000000000000F0
:1060B00000000000000000000000000000000000E0
:1060C00000000000000000000000000000000000D0
:1060D00000000000000000000000000000000000C0
:1060E00000000000000000000000000000000000B0
:1060F00000000000000000000000000000000000A0
:10610000000000000000000000000000000000008F
:10611000000000000000000000000000000000007F
:10612000000000000000000000000000000000006F
:10613000000000000000000000000000000000005F
:10614000000000000000000000000000000000004F
:10615000000000000000000000000000000000003F
:10616000000000000000000000000000000000002F
:10617000000000000000000000000000000000001F
:10618000000000000000000000000000000000000F
:1061900000000000000000000000000000000000FF
:1061A00000000000000000000000000000000000EF
:1061B00000000000000000000000000000000000DF
:1061C00000000000000000000000000000000000CF
:1061D00000000000000000000000000000000000BF
:1061E00000000000000000000000000000000000AF
:1061F000000000000000000000000000000000009F
:10620000000000000000000000000000000000008E
:10621000000000000000000000000000000000007E
:10622000000000000000000000000000000000006E
:10623000000000000000000000000000000000005E
:10624000000000000000000000000000000000004E
:10625000000000000000000000000000000000003E
:10626000000000000000000000000000000000002E
:10627000000000000000000000000000000000001E
:10628000000000000000000000000000000000000E
:1062900000000000000000000000000000000000FE
:1062A00000000000000000000000000000000000EE
:1062B00000000000000000000000000000000000DE
:1062C00000000000000000000000000000000000CE
:1062D00000000000000000000000000000000000BE
:1062E00000000000000000000000000000000000AE
:1062F000000000000000000000000000000000009E
:10630000000000000000000000000000000000008D
:10631000000000000000000000000000000000007D
:10632000000000000000000000000000000000006D
:10633000000000000000000000000000000000005D
:10634000000000000000000000000000000000004D
:10635000000000000000000000000000000000003D
:10636000000000000000000000000000000000002D
:10637000000000000000000000000000000000001D
:10638000000000000000000000000000000000000D
:1063900000000000000000000000000000000000FD
:1063A00000000000000000000000000000000000ED
:1063B00000000000000000000000000000000000DD
:1063C00000000000000000000000000000000000CD
:1063D00000000000000000000000000000000000BD
:1063E00000000000000000000000000000000000AD
:1063F000000000000000000000000000000000009D
:10640000000000000000000000000000000000008C
:10641000000000000000000000000000000000007C
:10642000000000000000000000000000000000006C
:10643000000000000000000000000000000000005C
:10644000000000000000000000000000000000004C
:10645000000000000000000000000000000000003C
:10646000000000000000000000000000000000002C
:10647000000000000000000000000000000000001C
:10648000000000000000000000000000000000000C
:1064900000000000000000000000000000000000FC
:1064A00000000000000000000000000000000000EC
:1064B00000000000000000000000000000000000DC
:1064C00000000000000000000000000000000000CC
:1064D00000000000000000000000000000000000BC
:1064E00000000000000000000000000000000000AC
:1064F000000000000000000000000000000000009C
:10650000000000000000000000000000000000008B
:10651000000000000000000000000000000000007B
:10652000000000000000000000000000000000006B
:10653000000000000000000000000000000000005B
:10654000000000000000000000000000000000004B
:10655000000000000000000000000000000000003B
:10656000000000000000000000000000000000002B
:10657000000000000000000000000000000000001B
:10658000000000000000000000000000000000000B
:1065900000000000000000000000000000000000FB
:1065A00000000000000000000000000000000000EB
:1065B00000000000000000000000000000000000DB
:1065C00000000000000000000000000000000000CB
:1065D00000000000000000000000000000000000BB
:1065E00000000000000000000000000000000000AB
:1065F000000000000000000000000000000000009B
:10660000000000000000000000000000000000008A
:10661000000000000000000000000000000000007A
:10662000000000000000000000000000000000006A
:10663000000000000000000000000000000000005A
:10664000000000000000000000000000000000004A
:10665000000000000000000000000000000000003A
:10666000000000000000000000000000000000002A
:10667000000000000000000000000000000000001A
:10668000000000000000000000000000000000000A
:1066900000000000000000000000000000000000FA
:1066A00000000000000000000000000000000000EA
:1066B00000000000000000000000000000000000DA
:1066C00000000000000000000000000000000000CA
:1066D00000000000000000000000000000000000BA
:1066E00000000000000000000000000000000000AA
:1066F000000000000000000000000000000000009A
:106700000000000000000000000000000000000089
:106710000000000000000000000000000000000079
:106720000000000000000000000000000000000069
:106730000000000000000000000000000000000059
:106740000000000000000000000000000000000049
:106750000000000000000000000000000000000039
:106760000000000000000000000000000000000029
:106770000000000000000000000000000000000019
:106780000000000000000000000000000000000009
:1067900000000000000000000000000000000000F9
:1067A00000000000000000000000000000000000E9
:1067B00000000000000000000000000000000000D9
:1067C00000000000000000000000000000000000C9
:1067D00000000000000000000000000000000000B9
:1067E00000000000000000000000000000000000A9
:1067F0000000000000000000000000000000000099
:106800000000000000000000000000000000000088
:106810000000000000000000000000000000000078
:106820000000000000000000000000000000000068
:106830000000000000000000000000000000000058
:106840000000000000000000000000000000000048
:106850000000000000000000000000000000000038
:106860000000000000000000000000000000000028
:106870000000000000000000000000000000000018
:106880000000000000000000000000000000000008
:1068900000000000000000000000000000000000F8
:1068A00000000000000000000000000000000000E8
:1068B00000000000000000000000000000000000D8
:1068C00000000000000000000000000000000000C8
:1068D00000000000000000000000000000000000B8
:1068E00000000000000000000000000000000000A8
:1068F0000000000000000000000000000000000098
:106900000000000000000000000000000000000087
:106910000000000000000000000000000000000077
:106920000000000000000000000000000000000067
:106930000000000000000000000000000000000057
:106940000000000000000000000000000000000047
:106950000000000000000000000000000000000037
:106960000000000000000000000000000000000027
:106970000000000000000000000000000000000017
:106980000000000000000000000000000000000007
:1069900000000000000000000000000000000000F7
:1069A00000000000000000000000000000000000E7
:1069B00000000000000000000000000000000000D7
:1069C00000000000000000000000000000000000C7
:1069D00000000000000000000000000000000000B7
:1069E00000000000000000000000000000000000A7
:1069F0000000000000000000000000000000000097
:106A00000000000000000000000000000000000086
:106A10000000000000000000000000000000000076
:106A20000000000000000000000000000000000066
:106A30000000000000000000000000000000000056
:106A40000000000000000000000000000000000046
:106A50000000000000000000000000000000000036
:106A60000000000000000000000000000000000026
:106A70000000000000000000000000000000000016
:106A80000000000000000000000000000000000006
:106A900000000000000000000000000000000000F6
:106AA00000000000000000000000000000000000E6
:106AB00000000000000000000000000000000000D6
:106AC00000000000000000000000000000000000C6
:106AD00000000000000000000000000000000000B6
:106AE00000000000000000000000000000000000A6
:106AF0000000000000000000000000000000000096
:106B00000000000000000000000000000000000085
:106B10000000000000000000000000000000000075
:106B20000000000000000000000000000000000065
:106B30000000000000000000000000000000000055
:106B40000000000000000000000000000000000045
:106B50000000000000000000000000000000000035
:106B60000000000000000000000000000000000025
:106B70000000000000000000000000000000000015
:106B80000000000000000000000000000000000005
:106B900000000000000000000000000000000000F5
:106BA00000000000000000000000000000000000E5
:106BB00000000000000000000000000000000000D5
:106BC00000000000000000000000000000000000C5
:106BD00000000000000000000000000000000000B5
:106BE00000000000000000000000000000000000A5
:106BF0000000000000000000000000000000000095
:106C00000000000000000000000000000000000084
:106C10000000000000000000000000000000000074
:106C20000000000000000000000000000000000064
:106C30000000000000000000000000000000000054
:106C40000000000000000000000000000000000044
:106C50000000000000000000000000000000000034
:106C60000000000000000000000000000000000024
:106C70000000000000000000000000000000000014
:106C80000000000000000000000000000000000004
:106C900000000000000000000000000000000000F4
:106CA00000000000000000000000000000000000E4
:106CB00000000000000000000000000000000000D4
:106CC00000000000000000000000000000000000C4
:106CD00000000000000000000000000000000000B4
:106CE00000000000000000000000000000000000A4
:106CF0000000000000000000000000000000000094
:106D00000000000000000000000000000000000083
:106D10000000000000000000000000000000000073
:106D20000000000000000000000000000000000063
:106D30000000000000000000000000000000000053
:106D40000000000000000000000000000000000043
:106D50000000000000000000000000000000000033
:106D60000000000000000000000000000000000023
:106D70000000000000000000000000000000000013
:106D80000000000000000000000000000000000003
:106D900000000000000000000000000000000000F3
:106DA00000000000000000000000000000000000E3
:106DB00000000000000000000000000000000000D3
:106DC00000000000000000000000000000000000C3
:106DD00000000000000000000000000000000000B3
:106DE00000000000000000000000000000000000A3
:106DF0000000000000000000000000000000000093
:106E00000000000000000000000000000000000082
:106E10000000000000000000000000000000000072
:106E20000000000000000000000000000000000062
:106E30000000000000000000000000000000000052
:106E40000000000000000000000000000000000042
:106E50000000000000000000000000000000000032
:106E60000000000000000000000000000000000022
:106E70000000000000000000000000000000000012
:106E80000000000000000000000000000000000002
:106E900000000000000000000000000000000000F2
:106EA00000000000000000000000000000000000E2
:106EB00000000000000000000000000000000000D2
:106EC00000000000000000000000000000000000C2
:106ED00000000000000000000000000000000000B2
:106EE00000000000000000000000000000000000A2
:106EF0000000000000000000000000000000000092
:106F00000000000000000000000000000000000081
:106F10000000000000000000000000000000000071
:106F20000000000000000000000000000000000061
:106F30000000000000000000000000000000000051
:106F40000000000000000000000000000000000041
:106F50000000000000000000000000000000000031
:106F60000000000000000000000000000000000021
:106F70000000000000000000000000000000000011
:106F80000000000000000000000000000000000001
:106F900000000000000000000000000000000000F1
:106FA00000000000000000000000000000000000E1
:106FB00000000000000000000000000000000000D1
:106FC00000000000000000000000000000000000C1
:106FD00000000000000000000000000000000000B1
:106FE00000000000000000000000000000000000A1
:106FF0000000000000000000000000000000000091
:107000000000000000000000000000000000000080
:107010000000000000000000000000000000000070
:107020000000000000000000000000000000000060
:107030000000000000000000000000000000000050
:107040000000000000000000000000000000000040
:107050000000000000000000000000000000000030
:107060000000000000000000000000000000000020
:107070000000000000000000000000000000000010
:107080000000000000000000000000000000000000
:1070900000000000000000000000000000000000F0
:1070A00000000000000000000000000000000000E0
:1070B00000000000000000000000000000000000D0
:1070C00000000000000000000000000000000000C0
:1070D00000000000000000000000000000000000B0
:1070E00000000000000000000000000000000000A0
:1070F0000000000000000000000000000000000090
:10710000000000000000000000000000000000007F
:10711000000000000000000000000000000000006F
:10712000000000000000000000000000000000005F
:10713000000000000000000000000000000000004F
:10714000000000000000000000000000000000003F
:10715000000000000000000000000000000000002F
:10716000000000000000000000000000000000001F
:10717000000000000000000000000000000000000F
:1071800000000000000000000000000000000000FF
:1071900000000000000000000000000000000000EF
:1071A00000000000000000000000000000000000DF
:1071B00000000000000000000000000000000000CF
:1071C00000000000000000000000000000000000BF
:1071D00000000000000000000000000000000000AF
:1071E000000000000000000000000000000000009F
:1071F000000000000000000000000000000000008F
:10720000000000000000000000000000000000007E
:10721000000000000000000000000000000000006E
:10722000000000000000000000000000000000005E
:10723000000000000000000000000000000000004E
:10724000000000000000000000000000000000003E
:10725000000000000000000000000000000000002E
:10726000000000000000000000000000000000001E
:10727000000000000000000000000000000000000E
:1072800000000000000000000000000000000000FE
:1072900000000000000000000000000000000000EE
:1072A00000000000000000000000000000000000DE
:1072B00000000000000000000000000000000000CE
:1072C00000000000000000000000000000000000BE
:1072D00000000000000000000000000000000000AE
:1072E000000000000000000000000000000000009E
:1072F000000000000000000000000000000000008E
:10730000000000000000000000000000000000007D
:10731000000000000000000000000000000000006D
:10732000000000000000000000000000000000005D
:10733000000000000000000000000000000000004D
:10734000000000000000000000000000000000003D
:10735000000000000000000000000000000000002D
:10736000000000000000000000000000000000001D
:10737000000000000000000000000000000000000D
:1073800000000000000000000000000000000000FD
:1073900000000000000000000000000000000000ED
:1073A00000000000000000000000000000000000DD
:1073B00000000000000000000000000000000000CD
:1073C00000000000000000000000000000000000BD
:1073D00000000000000000000000000000000000AD
:1073E000000000000000000000000000000000009D
:1073F000000000000000000000000000000000008D
:10740000000000000000000000000000000000007C
:10741000000000000000000000000000000000006C
:10742000000000000000000000000000000000005C
:10743000000000000000000000000000000000004C
:10744000000000000000000000000000000000003C
:10745000000000000000000000000000000000002C
:10746000000000000000000000000000000000001C
:10747000000000000000000000000000000000000C
:1074800000000000000000000000000000000000FC
:1074900000000000000000000000000000000000EC
:1074A00000000000000000000000000000000000DC
:1074B00000000000000000000000000000000000CC
:1074C00000000000000000000000000000000000BC
:1074D00000000000000000000000000000000000AC
:1074E000000000000000000000000000000000009C
:1074F000000000000000000000000000000000008C
:10750000000000000000000000000000000000007B
:10751000000000000000000000000000000000006B
:10752000000000000000000000000000000000005B
:10753000000000000000000000000000000000004B
:10754000000000000000000000000000000000003B
:10755000000000000000000000000000000000002B
:10756000000000000000000000000000000000001B
:10757000000000000000000000000000000000000B
:1075800000000000000000000000000000000000FB
:1075900000000000000000000000000000000000EB
:1075A00000000000000000000000000000000000DB
:1075B00000000000000000000000000000000000CB
:1075C00000000000000000000000000000000000BB
:1075D00000000000000000000000000000000000AB
:1075E000000000000000000000000000000000009B
:1075F000000000000000000000000000000000008B
:10760000000000000000000000000000000000007A
:10761000000000000000000000000000000000006A
:10762000000000000000000000000000000000005A
:10763000000000000000000000000000000000004A
:10764000000000000000000000000000000000003A
:10765000000000000000000000000000000000002A
:10766000000000000000000000000000000000001A
:10767000000000000000000000000000000000000A
:1076800000000000000000000000000000000000FA
:1076900000000000000000000000000000000000EA
:1076A00000000000000000000000000000000000DA
:1076B00000000000000000000000000000000000CA
:1076C00000000000000000000000000000000000BA
:1076D00000000000000000000000000000000000AA
:1076E000000000000000000000000000000000009A
:1076F000000000000000000000000000000000008A
:107700000000000000000000000000000000000079
:107710000000000000000000000000000000000069
:107720000000000000000000000000000000000059
:107730000000000000000000000000000000000049
:107740000000000000000000000000000000000039
:107750000000000000000000000000000000000029
:107760000000000000000000000000000000000019
:107770000000000000000000000000000000000009
:1077800000000000000000000000000000000000F9
:1077900000000000000000000000000000000000E9
:1077A00000000000000000000000000000000000D9
:1077B00000000000000000000000000000000000C9
:1077C00000000000000000000000000000000000B9
:1077D00000000000000000000000000000000000A9
:1077E0000000000000000000000000000000000099
:1077F0000000000000000000000000000000000089
:107800000000000000000000000000000000000078
:107810000000000000000000000000000000000068
:107820000000000000000000000000000000000058
:107830000000000000000000000000000000000048
:107840000000000000000000000000000000000038
:107850000000000000000000000000000000000028
:107860000000000000000000000000000000000018
:107870000000000000000000000000000000000008
:1078800000000000000000000000000000000000F8
:1078900000000000000000000000000000000000E8
:1078A00000000000000000000000000000000000D8
:1078B00000000000000000000000000000000000C8
:1078C00000000000000000000000000000000000B8
:1078D00000000000000000000000000000000000A8
:1078E0000000000000000000000000000000000098
:1078F0000000000000000000000000000000000088
:107900000000000000000000000000000000000077
:107910000000000000000000000000000000000067
:107920000000000000000000000000000000000057
:107930000000000000000000000000000000000047
:107940000000000000000000000000000000000037
:107950000000000000000000000000000000000027
:107960000000000000000000000000000000000017
:107970000000000000000000000000000000000007
:1079800000000000000000000000000000000000F7
:1079900000000000000000000000000000000000E7
:1079A00000000000000000000000000000000000D7
:1079B00000000000000000000000000000000000C7
:1079C00000000000000000000000000000000000B7
:1079D00000000000000000000000000000000000A7
:1079E0000000000000000000000000000000000097
:1079F0000000000000000000000000000000000087
:107A00000000000000000000000000000000000076
:107A10000000000000000000000000000000000066
:107A20000000000000000000000000000000000056
:107A30000000000000000000000000000000000046
:107A40000000000000000000000000000000000036
:107A50000000000000000000000000000000000026
:107A60000000000000000000000000000000000016
:107A70000000000000000000000000000000000006
:107A800000000000000000000000000000000000F6
:107A900000000000000000000000000000000000E6
:107AA00000000000000000000000000000000000D6
:107AB00000000000000000000000000000000000C6
:107AC00000000000000000000000000000000000B6
:107AD00000000000000000000000000000000000A6
:107AE0000000000000000000000000000000000096
:107AF0000000000000000000000000000000000086
:107B00000000000000000000000000000000000075
:107B10000000000000000000000000000000000065
:107B20000000000000000000000000000000000055
:107B30000000000000000000000000000000000045
:107B40000000000000000000000000000000000035
:107B50000000000000000000000000000000000025
:107B60000000000000000000000000000000000015
:107B70000000000000000000000000000000000005
:107B800000000000000000000000000000000000F5
:107B900000000000000000000000000000000000E5
:107BA00000000000000000000000000000000000D5
:107BB00000000000000000000000000000000000C5
:107BC00000000000000000000000000000000000B5
:107BD00000000000000000000000000000000000A5
:107BE0000000000000000000000000000000000095
:107BF0000000000000000000000000000000000085
:107C00000000000000000000000000000000000074
:107C10000000000000000000000000000000000064
:107C20000000000000000000000000000000000054
:107C30000000000000000000000000000000000044
:107C40000000000000000000000000000000000034
:107C50000000000000000000000000000000000024
:107C60000000000000000000000000000000000014
:107C70000000000000000000000000000000000004
:107C800000000000000000000000000000000000F4
:107C900000000000000000000000000000000000E4
:107CA00000000000000000000000000000000000D4
:107CB00000000000000000000000000000000000C4
:107CC00000000000000000000000000000000000B4
:107CD00000000000000000000000000000000000A4
:107CE0000000000000000000000000000000000094
:107CF0000000000000000000000000000000000084
:107D00000000000000000000000000000000000073
:107D10000000000000000000000000000000000063
:107D20000000000000000000000000000000000053
:107D30000000000000000000000000000000000043
:107D40000000000000000000000000000000000033
:107D50000000000000000000000000000000000023
:107D60000000000000000000000000000000000013
:107D70000000000000000000000000000000000003
:107D800000000000000000000000000000000000F3
:107D900000000000000000000000000000000000E3
:107DA00000000000000000000000000000000000D3
:107DB00000000000000000000000000000000000C3
:107DC00000000000000000000000000000000000B3
:107DD00000000000000000000000000000000000A3
:107DE0000000000000000000000000000000000093
:107DF0000000000000000000000000000000000083
:107E00000000000000000000000000000000000072
:107E10000000000000000000000000000000000062
:107E20000000000000000000000000000000000052
:107E30000000000000000000000000000000000042
:107E40000000000000000000000000000000000032
:107E50000000000000000000000000000000000022
:107E60000000000000000000000000000000000012
:107E70000000000000000000000000000000000002
:107E800000000000000000000000000000000000F2
:107E900000000000000000000000000000000000E2
:107EA00000000000000000000000000000000000D2
:107EB00000000000000000000000000000000000C2
:107EC00000000000000000000000000000000000B2
:107ED00000000000000000000000000000000000A2
:107EE0000000000000000000000000000000000092
:107EF0000000000000000000000000000000000082
:107F00000000000000000000000000000000000071
:107F10000000000000000000000000000000000061
:107F20000000000000000000000000000000000051
:107F30000000000000000000000000000000000041
:107F40000000000000000000000000000000000031
:107F50000000000000000000000000000000000021
:107F60000000000000000000000000000000000011
:107F70000000000000000000000000000000000001
:107F800000000000000000000000000000000000F1
:107F900000000000000000000000000000000000E1
:107FA00000000000000000000000000000000000D1
:107FB00000000000000000000000000000000000C1
:107FC00000000000000000000000000000000000B1
:107FD00000000000000000000000000000000000A1
:107FE0000000000000000000000000000000000091
:107FF0000000000000000000000000000000000081
:108000000000000000000000000000000000000070
:108010000000000000000000000000000000000060
:108020000000000000000000000000000000000050
:108030000000000000000000000000000000000040
:108040000000000000000000000000000000000030
:108050000000000000000000000000000000000020
:108060000000000000000000000000000000000010
:108070000000000000000000000000000000000000
:1080800000000000000000000000000000000000F0
:1080900000000000000000000000000000000000E0
:1080A00000000000000000000000000000000000D0
:1080B00000000000000000000000000000000000C0
:1080C00000000000000000000000000000000000B0
:1080D00000000000000000000000000000000000A0
:1080E0000000000000000000000000000000000090
:1080F0000000000000000000000000000000000080
:10810000000000000000000000000000000000006F
:10811000000000000000000000000000000000005F
:10812000000000000000000000000000000000004F
:10813000000000000000000000000000000000003F
:10814000000000000000000000000000000000002F
:10815000000000000000000000000000000000001F
:10816000000000000000000000000000000000000F
:1081700000000000000000000000000000000000FF
:1081800000000000000000000000000000000000EF
:1081900000000000000000000000000000000000DF
:1081A00000000000000000000000000000000000CF
:1081B00000000000000000000000000000000000BF
:1081C00000000000000000000000000000000000AF
:1081D000000000000000000000000000000000009F
:1081E000000000000000000000000000000000008F
:1081F000000000000000000000000000000000007F
:10820000000000000000000000000000000000006E
:10821000000000000000000000000000000000005E
:10822000000000000000000000000000000000004E
:10823000000000000000000000000000000000003E
:10824000000000000000000000000000000000002E
:10825000000000000000000000000000000000001E
:10826000000000000000000000000000000000000E
:1082700000000000000000000000000000000000FE
:1082800000000000000000000000000000000000EE
:1082900000000000000000000000000000000000DE
:1082A00000000000000000000000000000000000CE
:1082B00000000000000000000000000000000000BE
:1082C00000000000000000000000000000000000AE
:1082D000000000000000000000000000000000009E
:1082E000000000000000000000000000000000008E
:1082F000000000000000000000000000000000007E
:10830000000000000000000000000000000000006D
:10831000000000000000000000000000000000005D
:10832000000000000000000000000000000000004D
:10833000000000000000000000000000000000003D
:10834000000000000000000000000000000000002D
:10835000000000000000000000000000000000001D
:10836000000000000000000000000000000000000D
:1083700000000000000000000000000000000000FD
:1083800000000000000000000000000000000000ED
:1083900000000000000000000000000000000000DD
:1083A00000000000000000000000000000000000CD
:1083B00000000000000000000000000000000000BD
:1083C00000000000000000000000000000000000AD
:1083D000000000000000000000000000000000009D
:1083E000000000000000000000000000000000008D
:1083F000000000000000000000000000000000007D
:10840000000000000000000000000000000000006C
:10841000000000000000000000000000000000005C
:10842000000000000000000000000000000000004C
:10843000000000000000000000000000000000003C
:10844000000000000000000000000000000000002C
:10845000000000000000000000000000000000001C
:10846000000000000000000000000000000000000C
:1084700000000000000000000000000000000000FC
:1084800000000000000000000000000000000000EC
:1084900000000000000000000000000000000000DC
:1084A00000000000000000000000000000000000CC
:1084B00000000000000000000000000000000000BC
:1084C00000000000000000000000000000000000AC
:1084D000000000000000000000000000000000009C
:1084E000000000000000000000000000000000008C
:1084F000000000000000000000000000000000007C
:10850000000000000000000000000000000000006B
:10851000000000000000000000000000000000005B
:10852000000000000000000000000000000000004B
:10853000000000000000000000000000000000003B
:10854000000000000000000000000000000000002B
:10855000000000000000000000000000000000001B
:10856000000000000000000000000000000000000B
:1085700000000000000000000000000000000000FB
:1085800000000000000000000000000000000000EB
:1085900000000000000000000000000000000000DB
:1085A00000000000000000000000000000000000CB
:1085B00000000000000000000000000000000000BB
:1085C00000000000000000000000000000000000AB
:1085D000000000000000000000000000000000009B
:1085E000000000000000000000000000000000008B
:1085F000000000000000000000000000000000007B
:10860000000000000000000000000000000000006A
:10861000000000000000000000000000000000005A
:10862000000000000000000000000000000000004A
:10863000000000000000000000000000000000003A
:10864000000000000000000000000000000000002A
:10865000000000000000000000000000000000001A
:10866000000000000000000000000000000000000A
:1086700000000000000000000000000000000000FA
:1086800000000000000000000000000000000000EA
:1086900000000000000000000000000000000000DA
:1086A00000000000000000000000000000000000CA
:1086B00000000000000000000000000000000000BA
:1086C00000000000000000000000000000000000AA
:1086D000000000000000000000000000000000009A
:1086E000000000000000000000000000000000008A
:1086F000000000000000000000000000000000007A
:108700000000000000000000000000000000000069
:108710000000000000000000000000000000000059
:108720000000000000000000000000000000000049
:108730000000000000000000000000000000000039
:108740000000000000000000000000000000000029
:108750000000000000000000000000000000000019
:108760000000000000000000000000000000000009
:1087700000000000000000000000000000000000F9
:1087800000000000000000000000000000000000E9
:1087900000000000000000000000000000000000D9
:1087A00000000000000000000000000000000000C9
:1087B00000000000000000000000000000000000B9
:1087C00000000000000000000000000000000000A9
:1087D0000000000000000000000000000000000099
:1087E0000000000000000000000000000000000089
:1087F0000000000000000000000000000000000079
:108800000000000000000000000000000000000068
:108810000000000000000000000000000000000058
:108820000000000000000000000000000000000048
:108830000000000000000000000000000000000038
:108840000000000000000000000000000000000028
:108850000000000000000000000000000000000018
:108860000000000000000000000000000000000008
:1088700000000000000000000000000000000000F8
:1088800000000000000000000000000000000000E8
:1088900000000000000000000000000000000000D8
:1088A00000000000000000000000000000000000C8
:1088B00000000000000000000000000000000000B8
:1088C00000000000000000000000000000000000A8
:1088D0000000000000000000000000000000000098
:1088E0000000000000000000000000000000000088
:1088F0000000000000000000000000000000000078
:108900000000000000000000000000000000000067
:108910000000000000000000000000000000000057
:108920000000000000000000000000000000000047
:108930000000000000000000000000000000000037
:108940000000000000000000000000000000000027
:108950000000000000000000000000000000000017
:108960000000000000000000000000000000000007
:1089700000000000000000000000000000000000F7
:1089800000000000000000000000000000000000E7
:1089900000000000000000000000000000000000D7
:1089A00000000000000000000000000000000000C7
:1089B00000000000000000000000000000000000B7
:1089C00000000000000000000000000000000000A7
:1089D0000000000000000000000000000000000097
:1089E0000000000000000000000000000000000087
:1089F0000000000000000000000000000000000077
:108A00000000000000000000000000000000000066
:108A10000000000000000000000000000000000056
:108A20000000000000000000000000000000000046
:108A30000000000000000000000000000000000036
:108A40000000000000000000000000000000000026
:108A50000000000000000000000000000000000016
:108A60000000000000000000000000000000000006
:108A700000000000000000000000000000000000F6
:108A800000000000000000000000000000000000E6
:108A900000000000000000000000000000000000D6
:108AA00000000000000000000000000000000000C6
:108AB00000000000000000000000000000000000B6
:108AC00000000000000000000000000000000000A6
:108AD0000000000000000000000000000000000096
:108AE0000000000000000000000000000000000086
:108AF0000000000000000000000000000000000076
:108B00000000000000000000000000000000000065
:108B10000000000000000000000000000000000055
:108B20000000000000000000000000000000000045
:108B30000000000000000000000000000000000035
:108B40000000000000000000000000000000000025
:108B50000000000000000000000000000000000015
:108B60000000000000000000000000000000000005
:108B700000000000000000000000000000000000F5
:108B800000000000000000000000000000000000E5
:108B900000000000000000000000000000000000D5
:108BA00000000000000000000000000000000000C5
:108BB00000000000000000000000000000000000B5
:108BC00000000000000000000000000000000000A5
:108BD0000000000000000000000000000000000095
:108BE0000000000000000000000000000000000085
:108BF0000000000000000000000000000000000075
:108C00000000000000000000000000000000000064
:108C10000000000000000000000000000000000054
:108C20000000000000000000000000000000000044
:108C30000000000000000000000000000000000034
:108C40000000000000000000000000000000000024
:108C50000000000000000000000000000000000014
:108C60000000000000000000000000000000000004
:108C700000000000000000000000000000000000F4
:108C800000000000000000000000000000000000E4
:108C900000000000000000000000000000000000D4
:108CA00000000000000000000000000000000000C4
:108CB00000000000000000000000000000000000B4
:108CC00000000000000000000000000000000000A4
:108CD0000000000000000000000000000000000094
:108CE0000000000000000000000000000000000084
:108CF0000000000000000000000000000000000074
:108D00000000000000000000000000000000000063
:108D10000000000000000000000000000000000053
:108D20000000000000000000000000000000000043
:108D30000000000000000000000000000000000033
:108D40000000000000000000000000000000000023
:108D50000000000000000000000000000000000013
:108D60000000000000000000000000000000000003
:108D700000000000000000000000000000000000F3
:108D800000000000000000000000000000000000E3
:108D900000000000000000000000000000000000D3
:108DA00000000000000000000000000000000000C3
:108DB00000000000000000000000000000000000B3
:108DC00000000000000000000000000000000000A3
:108DD0000000000000000000000000000000000093
:108DE0000000000000000000000000000000000083
:108DF0000000000000000000000000000000000073
:108E00000000000000000000000000000000000062
:108E10000000000000000000000000000000000052
:108E20000000000000000000000000000000000042
:108E30000000000000000000000000000000000032
:108E40000000000000000000000000000000000022
:108E50000000000000000000000000000000000012
:108E60000000000000000000000000000000000002
:108E700000000000000000000000000000000000F2
:108E800000000000000000000000000000000000E2
:108E900000000000000000000000000000000000D2
:108EA00000000000000000000000000000000000C2
:108EB00000000000000000000000000000000000B2
:108EC00000000000000000000000000000000000A2
:108ED0000000000000000000000000000000000092
:108EE0000000000000000000000000000000000082
:108EF0000000000000000000000000000000000072
:108F00000000000000000000000000000000000061
:108F10000000000000000000000000000000000051
:108F20000000000000000000000000000000000041
:108F30000000000000000000000000000000000031
:108F40000000000000000000000000000000000021
:108F50000000000000000000000000000000000011
:108F60000000000000000000000000000000000001
:108F700000000000000000000000000000000000F1
:108F800000000000000000000000000000000000E1
:108F900000000000000000000000000000000000D1
:108FA00000000000000000000000000000000000C1
:108FB00000000000000000000000000000000000B1
:108FC00000000000000000000000000000000000A1
:108FD0000000000000000000000000000000000091
:108FE0000000000000000000000000000000000081
:108FF0000000000000000000000000000000000071
:109000000000000000000000000000000000000060
:109010000000000000000000000000000000000050
:109020000000000000000000000000000000000040
:109030000000000000000000000000000000000030
:109040000000000000000000000000000000000020
:109050000000000000000000000000000000000010
:109060000000000000000000000000000000000000
:1090700000000000000000000000000000000000F0
:1090800000000000000000000000000000000000E0
:1090900000000000000000000000000000000000D0
:1090A00000000000000000000000000000000000C0
:1090B00000000000000000000000000000000000B0
:1090C00000000000000000000000000000000000A0
:1090D0000000000000000000000000000000000090
:1090E0000000000000000000000000000000000080
:1090F0000000000000000000000000000000000070
:10910000000000000000000000000000000000005F
:10911000000000000000000000000000000000004F
:10912000000000000000000000000000000000003F
:10913000000000000000000000000000000000002F
:10914000000000000000000000000000000000001F
:10915000000000000000000000000000000000000F
:1091600000000000000000000000000000000000FF
:1091700000000000000000000000000000000000EF
:1091800000000000000000000000000000000000DF
:1091900000000000000000000000000000000000CF
:1091A00000000000000000000000000000000000BF
:1091B00000000000000000000000000000000000AF
:1091C000000000000000000000000000000000009F
:1091D000000000000000000000000000000000008F
:1091E000000000000000000000000000000000007F
:1091F000000000000000000000000000000000006F
:10920000000000000000000000000000000000005E
:10921000000000000000000000000000000000004E
:10922000000000000000000000000000000000003E
:10923000000000000000000000000000000000002E
:10924000000000000000000000000000000000001E
:10925000000000000000000000000000000000000E
:1092600000000000000000000000000000000000FE
:1092700000000000000000000000000000000000EE
:1092800000000000000000000000000000000000DE
:1092900000000000000000000000000000000000CE
:1092A00000000000000000000000000000000000BE
:1092B00000000000000000000000000000000000AE
:1092C000000000000000000000000000000000009E
:1092D000000000000000000000000000000000008E
:1092E000000000000000000000000000000000007E
:1092F000000000000000000000000000000000006E
:10930000000000000000000000000000000000005D
:10931000000000000000000000000000000000004D
:10932000000000000000000000000000000000003D
:10933000000000000000000000000000000000002D
:10934000000000000000000000000000000000001D
:10935000000000000000000000000000000000000D
:1093600000000000000000000000000000000000FD
:1093700000000000000000000000000000000000ED
:1093800000000000000000000000000000000000DD
:1093900000000000000000000000000000000000CD
:1093A00000000000000000000000000000000000BD
:1093B00000000000000000000000000000000000AD
:1093C000000000000000000000000000000000009D
:1093D000000000000000000000000000000000008D
:1093E000000000000000000000000000000000007D
:1093F000000000000000000000000000000000006D
:10940000000000000000000000000000000000005C
:10941000000000000000000000000000000000004C
:10942000000000000000000000000000000000003C
:10943000000000000000000000000000000000002C
:10944000000000000000000000000000000000001C
:10945000000000000000000000000000000000000C
:1094600000000000000000000000000000000000FC
:1094700000000000000000000000000000000000EC
:1094800000000000000000000000000000000000DC
:1094900000000000000000000000000000000000CC
:1094A00000000000000000000000000000000000BC
:1094B00000000000000000000000000000000000AC
:1094C000000000000000000000000000000000009C
:1094D000000000000000000000000000000000008C
:1094E000000000000000000000000000000000007C
:1094F000000000000000000000000000000000006C
:10950000000000000000000000000000000000005B
:10951000000000000000000000000000000000004B
:10952000000000000000000000000000000000003B
:10953000000000000000000000000000000000002B
:10954000000000000000000000000000000000001B
:10955000000000000000000000000000000000000B
:1095600000000000000000000000000000000000FB
:1095700000000000000000000000000000000000EB
:1095800000000000000000000000000000000000DB
:1095900000000000000000000000000000000000CB
:1095A00000000000000000000000000000000000BB
:1095B00000000000000000000000000000000000AB
:1095C000000000000000000000000000000000009B
:1095D000000000000000000000000000000000008B
:1095E000000000000000000000000000000000007B
:1095F000000000000000000000000000000000006B
:10960000000000000000000000000000000000005A
:10961000000000000000000000000000000000004A
:10962000000000000000000000000000000000003A
:10963000000000000000000000000000000000002A
:10964000000000000000000000000000000000001A
:10965000000000000000000000000000000000000A
:1096600000000000000000000000000000000000FA
:1096700000000000000000000000000000000000EA
:1096800000000000000000000000000000000000DA
:1096900000000000000000000000000000000000CA
:1096A00000000000000000000000000000000000BA
:1096B00000000000000000000000000000000000AA
:1096C000000000000000000000000000000000009A
:1096D000000000000000000000000000000000008A
:1096E000000000000000000000000000000000007A
:1096F000000000000000000000000000000000006A
:109700000000000000000000000000000000000059
:109710000000000000000000000000000000000049
:109720000000000000000000000000000000000039
:109730000000000000000000000000000000000029
:109740000000000000000000000000000000000019
:109750000000000000000000000000000000000009
:1097600000000000000000000000000000000000F9
:1097700000000000000000000000000000000000E9
:1097800000000000000000000000000000000000D9
:1097900000000000000000000000000000000000C9
:1097A00000000000000000000000000000000000B9
:1097B00000000000000000000000000000000000A9
:1097C0000000000000000000000000000000000099
:1097D0000000000000000000000000000000000089
:1097E0000000000000000000000000000000000079
:1097F0000000000000000000000000000000000069
:109800000000000000000000000000000000000058
:109810000000000000000000000000000000000048
:109820000000000000000000000000000000000038
:109830000000000000000000000000000000000028
:109840000000000000000000000000000000000018
:109850000000000000000000000000000000000008
:1098600000000000000000000000000000000000F8
:1098700000000000000000000000000000000000E8
:1098800000000000000000000000000000000000D8
:1098900000000000000000000000000000000000C8
:1098A00000000000000000000000000000000000B8
:1098B00000000000000000000000000000000000A8
:1098C0000000000000000000000000000000000098
:1098D0000000000000000000000000000000000088
:1098E0000000000000000000000000000000000078
:1098F0000000000000000000000000000000000068
:109900000000000000000000000000000000000057
:109910000000000000000000000000000000000047
:109920000000000000000000000000000000000037
:109930000000000000000000000000000000000027
:109940000000000000000000000000000000000017
:109950000000000000000000000000000000000007
:1099600000000000000000000000000000000000F7
:1099700000000000000000000000000000000000E7
:1099800000000000000000000000000000000000D7
:1099900000000000000000000000000000000000C7
:1099A00000000000000000000000000000000000B7
:1099B00000000000000000000000000000000000A7
:1099C0000000000000000000000000000000000097
:1099D0000000000000000000000000000000000087
:1099E0000000000000000000000000000000000077
:1099F0000000000000000000000000000000000067
:109A00000000000000000000000000000000000056
:109A10000000000000000000000000000000000046
:109A20000000000000000000000000000000000036
:109A30000000000000000000000000000000000026
:109A40000000000000000000000000000000000016
:109A50000000000000000000000000000000000006
:109A600000000000000000000000000000000000F6
:109A700000000000000000000000000000000000E6
:109A800000000000000000000000000000000000D6
:109A900000000000000000000000000000000000C6
:109AA00000000000000000000000000000000000B6
:109AB00000000000000000000000000000000000A6
:109AC0000000000000000000000000000000000096
:109AD0000000000000000000000000000000000086
:109AE0000000000000000000000000000000000076
:109AF0000000000000000000000000000000000066
:109B00000000000000000000000000000000000055
:109B10000000000000000000000000000000000045
:109B20000000000000000000000000000000000035
:109B30000000000000000000000000000000000025
:109B40000000000000000000000000000000000015
:109B50000000000000000000000000000000000005
:109B600000000000000000000000000000000000F5
:109B700000000000000000000000000000000000E5
:109B800000000000000000000000000000000000D5
:109B900000000000000000000000000000000000C5
:109BA00000000000000000000000000000000000B5
:109BB00000000000000000000000000000000000A5
:109BC0000000000000000000000000000000000095
:109BD0000000000000000000000000000000000085
:109BE0000000000000000000000000000000000075
:109BF0000000000000000000000000000000000065
:109C00000000000000000000000000000000000054
:109C10000000000000000000000000000000000044
:109C20000000000000000000000000000000000034
:109C30000000000000000000000000000000000024
:109C40000000000000000000000000000000000014
:109C50000000000000000000000000000000000004
:109C600000000000000000000000000000000000F4
:109C700000000000000000000000000000000000E4
:109C800000000000000000000000000000000000D4
:109C900000000000000000000000000000000000C4
:109CA00000000000000000000000000000000000B4
:109CB00000000000000000000000000000000000A4
:109CC0000000000000000000000000000000000094
:109CD0000000000000000000000000000000000084
:109CE0000000000000000000000000000000000074
:109CF0000000000000000000000000000000000064
:109D00000000000000000000000000000000000053
:109D10000000000000000000000000000000000043
:109D20000000000000000000000000000000000033
:109D30000000000000000000000000000000000023
:109D40000000000000000000000000000000000013
:109D50000000000000000000000000000000000003
:109D600000000000000000000000000000000000F3
:109D700000000000000000000000000000000000E3
:109D800000000000000000000000000000000000D3
:109D900000000000000000000000000000000000C3
:109DA00000000000000000000000000000000000B3
:109DB00000000000000000000000000000000000A3
:109DC0000000000000000000000000000000000093
:109DD0000000000000000000000000000000000083
:109DE0000000000000000000000000000000000073
:109DF0000000000000000000000000000000000063
:109E00000000000000000000000000000000000052
:109E10000000000000000000000000000000000042
:109E20000000000000000000000000000000000032
:109E30000000000000000000000000000000000022
:109E40000000000000000000000000000000000012
:109E50000000000000000000000000000000000002
:109E600000000000000000000000000000000000F2
:109E700000000000000000000000000000000000E2
:109E800000000000000000000000000000000000D2
:109E900000000000000000000000000000000000C2
:109EA00000000000000000000000000000000000B2
:109EB00000000000000000000000000000000000A2
:109EC0000000000000000000000000000000000092
:109ED0000000000000000000000000000000000082
:109EE0000000000000000000000000000000000072
:109EF0000000000000000000000000000000000062
:109F00000000000000000000000000000000000051
:109F10000000000000000000000000000000000041
:109F20000000000000000000000000000000000031
:109F30000000000000000000000000000000000021
:109F40000000000000000000000000000000000011
:109F50000000000000000000000000000000000001
:109F600000000000000000000000000000000000F1
:109F700000000000000000000000000000000000E1
:109F800000000000000000000000000000000000D1
:109F900000000000000000000000000000000000C1
:109FA00000000000000000000000000000000000B1
:109FB00000000000000000000000000000000000A1
:109FC0000000000000000000000000000000000091
:109FD0000000000000000000000000000000000081
:109FE0000000000000000000000000000000000071
:109FF0000000000000000000000000000000000061
:10A000000000000000000000000000000000000050
:10A010000000000000000000000000000000000040
:10A020000000000000000000000000000000000030
:10A030000000000000000000000000000000000020
:10A040000000000000000000000000000000000010
:10A050000000000000000000000000000000000000
:10A0600000000000000000000000000000000000F0
:10A0700000000000000000000000000000000000E0
:10A0800000000000000000000000000000000000D0
:10A0900000000000000000000000000000000000C0
:10A0A00000000000000000000000000000000000B0
:10A0B00000000000000000000000000000000000A0
:10A0C0000000000000000000000000000000000090
:10A0D0000000000000000000000000000000000080
:10A0E0000000000000000000000000000000000070
:10A0F0000000000000000000000000000000000060
:10A10000000000000000000000000000000000004F
:10A11000000000000000000000000000000000003F
:10A12000000000000000000000000000000000002F
:10A13000000000000000000000000000000000001F
:10A14000000000000000000000000000000000000F
:10A1500000000000000000000000000000000000FF
:10A1600000000000000000000000000000000000EF
:10A1700000000000000000000000000000000000DF
:10A1800000000000000000000000000000000000CF
:10A1900000000000000000000000000000000000BF
:10A1A00000000000000000000000000000000000AF
:10A1B000000000000000000000000000000000009F
:10A1C000000000000000000000000000000000008F
:10A1D000000000000000000000000000000000007F
:10A1E000000000000000000000000000000000006F
:10A1F000000000000000000000000000000000005F
:10A20000000000000000000000000000000000004E
:10A21000000000000000000000000000000000003E
:10A22000000000000000000000000000000000002E
:10A23000000000000000000000000000000000001E
:10A24000000000000000000000000000000000000E
:10A2500000000000000000000000000000000000FE
:10A2600000000000000000000000000000000000EE
:10A2700000000000000000000000000000000000DE
:10A2800000000000000000000000000000000000CE
:10A2900000000000000000000000000000000000BE
:10A2A00000000000000000000000000000000000AE
:10A2B000000000000000000000000000000000009E
:10A2C000000000000000000000000000000000008E
:10A2D000000000000000000000000000000000007E
:10A2E000000000000000000000000000000000006E
:10A2F000000000000000000000000000000000005E
:10A30000000000000000000000000000000000004D
:10A31000000000000000000000000000000000003D
:10A32000000000000000000000000000000000002D
:10A33000000000000000000000000000000000001D
:10A34000000000000000000000000000000000000D
:10A3500000000000000000000000000000000000FD
:10A3600000000000000000000000000000000000ED
:10A3700000000000000000000000000000000000DD
:10A3800000000000000000000000000000000000CD
:10A3900000000000000000000000000000000000BD
:10A3A00000000000000000000000000000000000AD
:10A3B000000000000000000000000000000000009D
:10A3C000000000000000000000000000000000008D
:10A3D000000000000000000000000000000000007D
:10A3E000000000000000000000000000000000006D
:10A3F000000000000000000000000000000000005D
:10A40000000000000000000000000000000000004C
:10A41000000000000000000000000000000000003C
:10A42000000000000000000000000000000000002C
:10A43000000000000000000000000000000000001C
:10A44000000000000000000000000000000000000C
:10A4500000000000000000000000000000000000FC
:10A4600000000000000000000000000000000000EC
:10A4700000000000000000000000000000000000DC
:10A4800000000000000000000000000000000000CC
:10A4900000000000000000000000000000000000BC
:10A4A00000000000000000000000000000000000AC
:10A4B000000000000000000000000000000000009C
:10A4C000000000000000000000000000000000008C
:10A4D000000000000000000000000000000000007C
:10A4E000000000000000000000000000000000006C
:10A4F000000000000000000000000000000000005C
:10A50000000000000000000000000000000000004B
:10A51000000000000000000000000000000000003B
:10A52000000000000000000000000000000000002B
:10A53000000000000000000000000000000000001B
:10A54000000000000000000000000000000000000B
:10A5500000000000000000000000000000000000FB
:10A5600000000000000000000000000000000000EB
:10A5700000000000000000000000000000000000DB
:10A5800000000000000000000000000000000000CB
:10A5900000000000000000000000000000000000BB
:10A5A00000000000000000000000000000000000AB
:10A5B000000000000000000000000000000000009B
:10A5C000000000000000000000000000000000008B
:10A5D000000000000000000000000000000000007B
:10A5E000000000000000000000000000000000006B
:10A5F000000000000000000000000000000000005B
:10A60000000000000000000000000000000000004A
:10A61000000000000000000000000000000000003A
:10A62000000000000000000000000000000000002A
:10A63000000000000000000000000000000000001A
:10A64000000000000000000000000000000000000A
:10A6500000000000000000000000000000000000FA
:10A6600000000000000000000000000000000000EA
:10A6700000000000000000000000000000000000DA
:10A6800000000000000000000000000000000000CA
:10A6900000000000000000000000000000000000BA
:10A6A00000000000000000000000000000000000AA
:10A6B000000000000000000000000000000000009A
:10A6C000000000000000000000000000000000008A
:10A6D000000000000000000000000000000000007A
:10A6E000000000000000000000000000000000006A
:10A6F000000000000000000000000000000000005A
:10A700000000000000000000000000000000000049
:10A710000000000000000000000000000000000039
:10A720000000000000000000000000000000000029
:10A730000000000000000000000000000000000019
:10A740000000000000000000000000000000000009
:10A7500000000000000000000000000000000000F9
:10A7600000000000000000000000000000000000E9
:10A7700000000000000000000000000000000000D9
:10A7800000000000000000000000000000000000C9
:10A7900000000000000000000000000000000000B9
:10A7A00000000000000000000000000000000000A9
:10A7B0000000000000000000000000000000000099
:10A7C0000000000000000000000000000000000089
:10A7D0000000000000000000000000000000000079
:10A7E0000000000000000000000000000000000069
:10A7F0000000000000000000000000000000000059
:10A800000000000000000000000000000000000048
:10A810000000000000000000000000000000000038
:10A820000000000000000000000000000000000028
:10A830000000000000000000000000000000000018
:10A840000000000000000000000000000000000008
:10A8500000000000000000000000000000000000F8
:10A8600000000000000000000000000000000000E8
:10A8700000000000000000000000000000000000D8
:10A8800000000000000000000000000000000000C8
:10A8900000000000000000000000000000000000B8
:10A8A00000000000000000000000000000000000A8
:10A8B0000000000000000000000000000000000098
:10A8C0000000000000000000000000000000000088
:10A8D0000000000000000000000000000000000078
:10A8E0000000000000000000000000000000000068
:10A8F0000000000000000000000000000000000058
:10A900000000000000000000000000000000000047
:10A910000000000000000000000000000000000037
:10A920000000000000000000000000000000000027
:10A930000000000000000000000000000000000017
:10A940000000000000000000000000000000000007
:10A9500000000000000000000000000000000000F7
:10A9600000000000000000000000000000000000E7
:10A9700000000000000000000000000000000000D7
:10A9800000000000000000000000000000000000C7
:10A9900000000000000000000000000000000000B7
:10A9A00000000000000000000000000000000000A7
:10A9B0000000000000000000000000000000000097
:10A9C0000000000000000000000000000000000087
:10A9D0000000000000000000000000000000000077
:10A9E0000000000000000000000000000000000067
:10A9F0000000000000000000000000000000000057
:10AA00000000000000000000000000000000000046
:10AA10000000000000000000000000000000000036
:10AA20000000000000000000000000000000000026
:10AA30000000000000000000000000000000000016
:10AA40000000000000000000000000000000000006
:10AA500000000000000000000000000000000000F6
:10AA600000000000000000000000000000000000E6
:10AA700000000000000000000000000000000000D6
:10AA800000000000000000000000000000000000C6
:10AA900000000000000000000000000000000000B6
:10AAA00000000000000000000000000000000000A6
:10AAB0000000000000000000000000000000000096
:10AAC0000000000000000000000000000000000086
:10AAD0000000000000000000000000000000000076
:10AAE0000000000000000000000000000000000066
:10AAF0000000000000000000000000000000000056
:10AB00000000000000000000000000000000000045
:10AB10000000000000000000000000000000000035
:10AB20000000000000000000000000000000000025
:10AB30000000000000000000000000000000000015
:10AB40000000000000000000000000000000000005
:10AB500000000000000000000000000000000000F5
:10AB600000000000000000000000000000000000E5
:10AB700000000000000000000000000000000000D5
:10AB800000000000000000000000000000000000C5
:10AB900000000000000000000000000000000000B5
:10ABA00000000000000000000000000000000000A5
:10ABB0000000000000000000000000000000000095
:10ABC0000000000000000000000000000000000085
:10ABD0000000000000000000000000000000000075
:10ABE0000000000000000000000000000000000065
:10ABF0000000000000000000000000000000000055
:10AC00000000000000000000000000000000000044
:10AC10000000000000000000000000000000000034
:10AC20000000000000000000000000000000000024
:10AC30000000000000000000000000000000000014
:10AC40000000000000000000000000000000000004
:10AC500000000000000000000000000000000000F4
:10AC600000000000000000000000000000000000E4
:10AC700000000000000000000000000000000000D4
:10AC800000000000000000000000000000000000C4
:10AC900000000000000000000000000000000000B4
:10ACA00000000000000000000000000000000000A4
:10ACB0000000000000000000000000000000000094
:10ACC0000000000000000000000000000000000084
:10ACD0000000000000000000000000000000000074
:10ACE0000000000000000000000000000000000064
:10ACF0000000000000000000000000000000000054
:10AD00000000000000000000000000000000000043
:10AD10000000000000000000000000000000000033
:10AD20000000000000000000000000000000000023
:10AD30000000000000000000000000000000000013
:10AD40000000000000000000000000000000000003
:10AD500000000000000000000000000000000000F3
:10AD600000000000000000000000000000000000E3
:10AD700000000000000000000000000000000000D3
:10AD800000000000000000000000000000000000C3
:10AD900000000000000000000000000000000000B3
:10ADA00000000000000000000000000000000000A3
:10ADB0000000000000000000000000000000000093
:10ADC0000000000000000000000000000000000083
:10ADD0000000000000000000000000000000000073
:10ADE0000000000000000000000000000000000063
:10ADF0000000000000000000000000000000000053
:10AE00000000000000000000000000000000000042
:10AE10000000000000000000000000000000000032
:10AE20000000000000000000000000000000000022
:10AE30000000000000000000000000000000000012
:10AE40000000000000000000000000000000000002
:10AE500000000000000000000000000000000000F2
:10AE600000000000000000000000000000000000E2
:10AE700000000000000000000000000000000000D2
:10AE800000000000000000000000000000000000C2
:10AE900000000000000000000000000000000000B2
:10AEA00000000000000000000000000000000000A2
:10AEB0000000000000000000000000000000000092
:10AEC0000000000000000000000000000000000082
:10AED0000000000000000000000000000000000072
:10AEE0000000000000000000000000000000000062
:10AEF0000000000000000000000000000000000052
:10AF00000000000000000000000000000000000041
:10AF10000000000000000000000000000000000031
:10AF20000000000000000000000000000000000021
:10AF30000000000000000000000000000000000011
:10AF40000000000000000000000000000000000001
:10AF500000000000000000000000000000000000F1
:10AF600000000000000000000000000000000000E1
:10AF700000000000000000000000000000000000D1
:10AF800000000000000000000000000000000000C1
:10AF900000000000000000000000000000000000B1
:10AFA00000000000000000000000000000000000A1
:10AFB0000000000000000000000000000000000091
:10AFC0000000000000000000000000000000000081
:10AFD0000000000000000000000000000000000071
:10AFE0000000000000000000000000000000000061
:10AFF0000000000000000000000000000000000051
:10B000000000000000000000000000000000000040
:10B010000000000000000000000000000000000030
:10B020000000000000000000000000000000000020
:10B030000000000000000000000000000000000010
:10B040000000000000000000000000000000000000
:10B0500000000000000000000000000000000000F0
:10B0600000000000000000000000000000000000E0
:10B0700000000000000000000000000000000000D0
:10B0800000000000000000000000000000000000C0
:10B0900000000000000000000000000000000000B0
:10B0A00000000000000000000000000000000000A0
:10B0B0000000000000000000000000000000000090
:10B0C0000000000000000000000000000000000080
:10B0D0000000000000000000000000000000000070
:10B0E0000000000000000000000000000000000060
:10B0F0000000000000000000000000000000000050
:10B10000000000000000000000000000000000003F
:10B11000000000000000000000000000000000002F
:10B12000000000000000000000000000000000001F
:10B13000000000000000000000000000000000000F
:10B1400000000000000000000000000000000000FF
:10B1500000000000000000000000000000000000EF
:10B1600000000000000000000000000000000000DF
:10B1700000000000000000000000000000000000CF
:10B1800000000000000000000000000000000000BF
:10B1900000000000000000000000000000000000AF
:10B1A000000000000000000000000000000000009F
:10B1B000000000000000000000000000000000008F
:10B1C000000000000000000000000000000000007F
:10B1D000000000000000000000000000000000006F
:10B1E000000000000000000000000000000000005F
:10B1F000000000000000000000000000000000004F
:10B20000000000000000000000000000000000003E
:10B21000000000000000000000000000000000002E
:10B22000000000000000000000000000000000001E
:10B23000000000000000000000000000000000000E
:10B2400000000000000000000000000000000000FE
:10B2500000000000000000000000000000000000EE
:10B2600000000000000000000000000000000000DE
:10B2700000000000000000000000000000000000CE
:10B2800000000000000000000000000000000000BE
:10B2900000000000000000000000000000000000AE
:10B2A000000000000000000000000000000000009E
:10B2B000000000000000000000000000000000008E
:10B2C000000000000000000000000000000000007E
:10B2D000000000000000000000000000000000006E
:10B2E000000000000000000000000000000000005E
:10B2F000000000000000000000000000000000004E
:10B30000000000000000000000000000000000003D
:10B31000000000000000000000000000000000002D
:10B32000000000000000000000000000000000001D
:10B33000000000000000000000000000000000000D
:10B3400000000000000000000000000000000000FD
:10B3500000000000000000000000000000000000ED
:10B3600000000000000000000000000000000000DD
:10B3700000000000000000000000000000000000CD
:10B3800000000000000000000000000000000000BD
:10B3900000000000000000000000000000000000AD
:10B3A000000000000000000000000000000000009D
:10B3B000000000000000000000000000000000008D
:10B3C000000000000000000000000000000000007D
:10B3D000000000000000000000000000000000006D
:10B3E000000000000000000000000000000000005D
:10B3F000000000000000000000000000000000004D
:10B40000000000000000000000000000000000003C
:10B41000000000000000000000000000000000002C
:10B42000000000000000000000000000000000001C
:10B43000000000000000000000000000000000000C
:10B4400000000000000000000000000000000000FC
:10B4500000000000000000000000000000000000EC
:10B4600000000000000000000000000000000000DC
:10B4700000000000000000000000000000000000CC
:10B4800000000000000000000000000000000000BC
:10B4900000000000000000000000000000000000AC
:10B4A000000000000000000000000000000000009C
:10B4B000000000000000000000000000000000008C
:10B4C000000000000000000000000000000000007C
:10B4D000000000000000000000000000000000006C
:10B4E000000000000000000000000000000000005C
:10B4F000000000000000000000000000000000004C
:10B50000000000000000000000000000000000003B
:10B51000000000000000000000000000000000002B
:10B52000000000000000000000000000000000001B
:10B53000000000000000000000000000000000000B
:10B5400000000000000000000000000000000000FB
:10B5500000000000000000000000000000000000EB
:10B5600000000000000000000000000000000000DB
:10B5700000000000000000000000000000000000CB
:10B5800000000000000000000000000000000000BB
:10B5900000000000000000000000000000000000AB
:10B5A000000000000000000000000000000000009B
:10B5B000000000000000000000000000000000008B
:10B5C000000000000000000000000000000000007B
:10B5D000000000000000000000000000000000006B
:10B5E000000000000000000000000000000000005B
:10B5F000000000000000000000000000000000004B
:10B60000000000000000000000000000000000003A
:10B61000000000000000000000000000000000002A
:10B62000000000000000000000000000000000001A
:10B63000000000000000000000000000000000000A
:10B6400000000000000000000000000000000000FA
:10B6500000000000000000000000000000000000EA
:10B6600000000000000000000000000000000000DA
:10B6700000000000000000000000000000000000CA
:10B6800000000000000000000000000000000000BA
:10B6900000000000000000000000000000000000AA
:10B6A000000000000000000000000000000000009A
:10B6B000000000000000000000000000000000008A
:10B6C000000000000000000000000000000000007A
:10B6D000000000000000000000000000000000006A
:10B6E000000000000000000000000000000000005A
:10B6F000000000000000000000000000000000004A
:10B700000000000000000000000000000000000039
:10B710000000000000000000000000000000000029
:10B720000000000000000000000000000000000019
:10B730000000000000000000000000000000000009
:10B7400000000000000000000000000000000000F9
:10B7500000000000000000000000000000000000E9
:10B7600000000000000000000000000000000000D9
:10B7700000000000000000000000000000000000C9
:10B7800000000000000000000000000000000000B9
:10B7900000000000000000000000000000000000A9
:10B7A0000000000000000000000000000000000099
:10B7B0000000000000000000000000000000000089
:10B7C0000000000000000000000000000000000079
:10B7D0000000000000000000000000000000000069
:10B7E0000000000000000000000000000000000059
:10B7F0000000000000000000000000000000000049
:10B800000000000000000000000000000000000038
:10B810000000000000000000000000000000000028
:10B820000000000000000000000000000000000018
:10B830000000000000000000000000000000000008
:10B8400000000000000000000000000000000000F8
:10B8500000000000000000000000000000000000E8
:10B8600000000000000000000000000000000000D8
:10B8700000000000000000000000000000000000C8
:10B8800000000000000000000000000000000000B8
:10B8900000000000000000000000000000000000A8
:10B8A0000000000000000000000000000000000098
:10B8B0000000000000000000000000000000000088
:10B8C0000000000000000000000000000000000078
:10B8D0000000000000000000000000000000000068
:10B8E0000000000000000000000000000000000058
:10B8F0000000000000000000000000000000000048
:10B900000000000000000000000000000000000037
:10B910000000000000000000000000000000000027
:10B920000000000000000000000000000000000017
:10B930000000000000000000000000000000000007
:10B9400000000000000000000000000000000000F7
:10B9500000000000000000000000000000000000E7
:10B9600000000000000000000000000000000000D7
:10B9700000000000000000000000000000000000C7
:10B9800000000000000000000000000000000000B7
:10B9900000000000000000000000000000000000A7
:10B9A0000000000000000000000000000000000097
:10B9B0000000000000000000000000000000000087
:10B9C0000000000000000000000000000000000077
:10B9D0000000000000000000000000000000000067
:10B9E0000000000000000000000000000000000057
:10B9F0000000000000000000000000000000000047
:10BA00000000000000000000000000000000000036
:10BA10000000000000000000000000000000000026
:10BA20000000000000000000000000000000000016
:10BA30000000000000000000000000000000000006
:10BA400000000000000000000000000000000000F6
:10BA500000000000000000000000000000000000E6
:10BA600000000000000000000000000000000000D6
:10BA700000000000000000000000000000000000C6
:10BA800000000000000000000000000000000000B6
:10BA900000000000000000000000000000000000A6
:10BAA0000000000000000000000000000000000096
:10BAB0000000000000000000000000000000000086
:10BAC0000000000000000000000000000000000076
:10BAD0000000000000000000000000000000000066
:10BAE0000000000000000000000000000000000056
:10BAF0000000000000000000000000000000000046
:10BB00000000000000000000000000000000000035
:10BB10000000000000000000000000000000000025
:10BB20000000000000000000000000000000000015
:10BB30000000000000000000000000000000000005
:10BB400000000000000000000000000000000000F5
:10BB500000000000000000000000000000000000E5
:10BB600000000000000000000000000000000000D5
:10BB700000000000000000000000000000000000C5
:10BB800000000000000000000000000000000000B5
:10BB900000000000000000000000000000000000A5
:10BBA0000000000000000000000000000000000095
:10BBB0000000000000000000000000000000000085
:10BBC0000000000000000000000000000000000075
:10BBD0000000000000000000000000000000000065
:10BBE0000000000000000000000000000000000055
:10BBF0000000000000000000000000000000000045
:10BC00000000000000000000000000000000000034
:10BC10000000000000000000000000000000000024
:10BC20000000000000000000000000000000000014
:10BC30000000000000000000000000000000000004
:10BC400000000000000000000000000000000000F4
:10BC500000000000000000000000000000000000E4
:10BC600000000000000000000000000000000000D4
:10BC700000000000000000000000000000000000C4
:10BC800000000000000000000000000000000000B4
:10BC900000000000000000000000000000000000A4
:10BCA0000000000000000000000000000000000094
:10BCB0000000000000000000000000000000000084
:10BCC0000000000000000000000000000000000074
:10BCD0000000000000000000000000000000000064
:10BCE0000000000000000000000000000000000054
:10BCF0000000000000000000000000000000000044
:10BD00000000000000000000000000000000000033
:10BD10000000000000000000000000000000000023
:10BD20000000000000000000000000000000000013
:10BD30000000000000000000000000000000000003
:10BD400000000000000000000000000000000000F3
:10BD500000000000000000000000000000000000E3
:10BD600000000000000000000000000000000000D3
:10BD700000000000000000000000000000000000C3
:10BD800000000000000000000000000000000000B3
:10BD900000000000000000000000000000000000A3
:10BDA0000000000000000000000000000000000093
:10BDB0000000000000000000000000000000000083
:10BDC0000000000000000000000000000000000073
:10BDD0000000000000000000000000000000000063
:10BDE0000000000000000000000000000000000053
:10BDF0000000000000000000000000000000000043
:10BE00000000000000000000000000000000000032
:10BE10000000000000000000000000000000000022
:10BE20000000000000000000000000000000000012
:10BE30000000000000000000000000000000000002
:10BE400000000000000000000000000000000000F2
:10BE500000000000000000000000000000000000E2
:10BE600000000000000000000000000000000000D2
:10BE700000000000000000000000000000000000C2
:10BE800000000000000000000000000000000000B2
:10BE900000000000000000000000000000000000A2
:10BEA0000000000000000000000000000000000092
:10BEB0000000000000000000000000000000000082
:10BEC0000000000000000000000000000000000072
:10BED0000000000000000000000000000000000062
:10BEE0000000000000000000000000000000000052
:10BEF0000000000000000000000000000000000042
:10BF00000000000000000000000000000000000031
:10BF10000000000000000000000000000000000021
:10BF20000000000000000000000000000000000011
:10BF30000000000000000000000000000000000001
:10BF400000000000000000000000000000000000F1
:10BF500000000000000000000000000000000000E1
:10BF600000000000000000000000000000000000D1
:10BF700000000000000000000000000000000000C1
:10BF800000000000000000000000000000000000B1
:10BF900000000000000000000000000000000000A1
:10BFA0000000000000000000000000000000000091
:10BFB0000000000000000000000000000000000081
:10BFC0000000000000000000000000000000000071
:10BFD0000000000000000000000000000000000061
:10BFE0000000000000000000000000000000000051
:10BFF0000000000000000000000000000000000041
:10C000000000000000000000000000000000000030
:10C010000000000000000000000000000000000020
:10C020000000000000000000000000000000000010
:10C030000000000000000000000000000000000000
:10C0400000000000000000000000000000000000F0
:10C0500000000000000000000000000000000000E0
:10C0600000000000000000000000000000000000D0
:10C0700000000000000000000000000000000000C0
:10C0800000000000000000000000000000000000B0
:10C0900000000000000000000000000000000000A0
:10C0A0000000000000000000000000000000000090
:10C0B0000000000000000000000000000000000080
:10C0C0000000000000000000000000000000000070
:10C0D0000000000000000000000000000000000060
:10C0E0000000000000000000000000000000000050
:10C0F0000000000000000000000000000000000040
:10C10000000000000000000000000000000000002F
:10C11000000000000000000000000000000000001F
:10C12000000000000000000000000000000000000F
:10C1300000000000000000000000000000000000FF
:10C1400000000000000000000000000000000000EF
:10C1500000000000000000000000000000000000DF
:10C1600000000000000000000000000000000000CF
:10C1700000000000000000000000000000000000BF
:10C1800000000000000000000000000000000000AF
:10C19000000000000000000000000000000000009F
:10C1A000000000000000000000000000000000008F
:10C1B000000000000000000000000000000000007F
:10C1C000000000000000000000000000000000006F
:10C1D000000000000000000000000000000000005F
:10C1E000000000000000000000000000000000004F
:10C1F000000000000000000000000000000000003F
:10C20000000000000000000000000000000000002E
:10C21000000000000000000000000000000000001E
:10C22000000000000000000000000000000000000E
:10C2300000000000000000000000000000000000FE
:10C2400000000000000000000000000000000000EE
:10C2500000000000000000000000000000000000DE
:10C2600000000000000000000000000000000000CE
:10C2700000000000000000000000000000000000BE
:10C2800000000000000000000000000000000000AE
:10C29000000000000000000000000000000000009E
:10C2A000000000000000000000000000000000008E
:10C2B000000000000000000000000000000000007E
:10C2C000000000000000000000000000000000006E
:10C2D000000000000000000000000000000000005E
:10C2E000000000000000000000000000000000004E
:10C2F000000000000000000000000000000000003E
:10C30000000000000000000000000000000000002D
:10C31000000000000000000000000000000000001D
:10C32000000000000000000000000000000000000D
:10C3300000000000000000000000000000000000FD
:10C3400000000000000000000000000000000000ED
:10C3500000000000000000000000000000000000DD
:10C3600000000000000000000000000000000000CD
:10C3700000000000000000000000000000000000BD
:10C3800000000000000000000000000000000000AD
:10C39000000000000000000000000000000000009D
:10C3A000000000000000000000000000000000008D
:10C3B000000000000000000000000000000000007D
:10C3C000000000000000000000000000000000006D
:10C3D000000000000000000000000000000000005D
:10C3E000000000000000000000000000000000004D
:10C3F000000000000000000000000000000000003D
:10C40000000000000000000000000000000000002C
:10C41000000000000000000000000000000000001C
:10C42000000000000000000000000000000000000C
:10C4300000000000000000000000000000000000FC
:10C4400000000000000000000000000000000000EC
:10C4500000000000000000000000000000000000DC
:10C4600000000000000000000000000000000000CC
:10C4700000000000000000000000000000000000BC
:10C4800000000000000000000000000000000000AC
:10C49000000000000000000000000000000000009C
:10C4A000000000000000000000000000000000008C
:10C4B000000000000000000000000000000000007C
:10C4C000000000000000000000000000000000006C
:10C4D000000000000000000000000000000000005C
:10C4E000000000000000000000000000000000004C
:10C4F000000000000000000000000000000000003C
:10C50000000000000000000000000000000000002B
:10C51000000000000000000000000000000000001B
:10C52000000000000000000000000000000000000B
:10C5300000000000000000000000000000000000FB
:10C5400000000000000000000000000000000000EB
:10C5500000000000000000000000000000000000DB
:10C5600000000000000000000000000000000000CB
:10C5700000000000000000000000000000000000BB
:10C5800000000000000000000000000000000000AB
:10C59000000000000000000000000000000000009B
:10C5A000000000000000000000000000000000008B
:10C5B000000000000000000000000000000000007B
:10C5C000000000000000000000000000000000006B
:10C5D000000000000000000000000000000000005B
:10C5E000000000000000000000000000000000004B
:10C5F000000000000000000000000000000000003B
:10C60000000000000000000000000000000000002A
:10C61000000000000000000000000000000000001A
:10C62000000000000000000000000000000000000A
:10C6300000000000000000000000000000000000FA
:10C6400000000000000000000000000000000000EA
:10C6500000000000000000000000000000000000DA
:10C6600000000000000000000000000000000000CA
:10C6700000000000000000000000000000000000BA
:10C6800000000000000000000000000000000000AA
:10C69000000000000000000000000000000000009A
:10C6A000000000000000000000000000000000008A
:10C6B000000000000000000000000000000000007A
:10C6C000000000000000000000000000000000006A
:10C6D000000000000000000000000000000000005A
:10C6E000000000000000000000000000000000004A
:10C6F000000000000000000000000000000000003A
:10C700000000000000000000000000000000000029
:10C710000000000000000000000000000000000019
:10C720000000000000000000000000000000000009
:10C7300000000000000000000000000000000000F9
:10C7400000000000000000000000000000000000E9
:10C7500000000000000000000000000000000000D9
:10C7600000000000000000000000000000000000C9
:10C7700000000000000000000000000000000000B9
:10C7800000000000000000000000000000000000A9
:10C790000000000000000000000000000000000099
:10C7A0000000000000000000000000000000000089
:10C7B0000000000000000000000000000000000079
:10C7C0000000000000000000000000000000000069
:10C7D0000000000000000000000000000000000059
:10C7E0000000000000000000000000000000000049
:10C7F0000000000000000000000000000000000039
:10C800000000000000000000000000000000000028
:10C810000000000000000000000000000000000018
:10C820000000000000000000000000000000000008
:10C8300000000000000000000000000000000000F8
:10C8400000000000000000000000000000000000E8
:10C8500000000000000000000000000000000000D8
:10C8600000000000000000000000000000000000C8
:10C8700000000000000000000000000000000000B8
:10C8800000000000000000000000000000000000A8
:10C890000000000000000000000000000000000098
:10C8A0000000000000000000000000000000000088
:10C8B0000000000000000000000000000000000078
:10C8C0000000000000000000000000000000000068
:10C8D0000000000000000000000000000000000058
:10C8E0000000000000000000000000000000000048
:10C8F0000000000000000000000000000000000038
:10C900000000000000000000000000000000000027
:10C910000000000000000000000000000000000017
:10C920000000000000000000000000000000000007
:10C9300000000000000000000000000000000000F7
:10C9400000000000000000000000000000000000E7
:10C9500000000000000000000000000000000000D7
:10C9600000000000000000000000000000000000C7
:10C9700000000000000000000000000000000000B7
:10C9800000000000000000000000000000000000A7
:10C990000000000000000000000000000000000097
:10C9A0000000000000000000000000000000000087
:10C9B0000000000000000000000000000000000077
:10C9C0000000000000000000000000000000000067
:10C9D0000000000000000000000000000000000057
:10C9E0000000000000000000000000000000000047
:10C9F0000000000000000000000000000000000037
:10CA00000000000000000000000000000000000026
:10CA10000000000000000000000000000000000016
:10CA20000000000000000000000000000000000006
:10CA300000000000000000000000000000000000F6
:10CA400000000000000000000000000000000000E6
:10CA500000000000000000000000000000000000D6
:10CA600000000000000000000000000000000000C6
:10CA700000000000000000000000000000000000B6
:10CA800000000000000000000000000000000000A6
:10CA90000000000000000000000000000000000096
:10CAA0000000000000000000000000000000000086
:10CAB0000000000000000000000000000000000076
:10CAC0000000000000000000000000000000000066
:10CAD0000000000000000000000000000000000056
:10CAE0000000000000000000000000000000000046
:10CAF0000000000000000000000000000000000036
:10CB00000000000000000000000000000000000025
:10CB10000000000000000000000000000000000015
:10CB20000000000000000000000000000000000005
:10CB300000000000000000000000000000000000F5
:10CB400000000000000000000000000000000000E5
:10CB500000000000000000000000000000000000D5
:10CB600000000000000000000000000000000000C5
:10CB700000000000000000000000000000000000B5
:10CB800000000000000000000000000000000000A5
:10CB90000000000000000000000000000000000095
:10CBA0000000000000000000000000000000000085
:10CBB0000000000000000000000000000000000075
:10CBC0000000000000000000000000000000000065
:10CBD0000000000000000000000000000000000055
:10CBE0000000000000000000000000000000000045
:10CBF0000000000000000000000000000000000035
:10CC00000000000000000000000000000000000024
:10CC10000000000000000000000000000000000014
:10CC20000000000000000000000000000000000004
:10CC300000000000000000000000000000000000F4
:10CC400000000000000000000000000000000000E4
:10CC500000000000000000000000000000000000D4
:10CC600000000000000000000000000000000000C4
:10CC700000000000000000000000000000000000B4
:10CC800000000000000000000000000000000000A4
:10CC90000000000000000000000000000000000094
:10CCA0000000000000000000000000000000000084
:10CCB0000000000000000000000000000000000074
:10CCC0000000000000000000000000000000000064
:10CCD0000000000000000000000000000000000054
:10CCE0000000000000000000000000000000000044
:10CCF0000000000000000000000000000000000034
:10CD00000000000000000000000000000000000023
:10CD10000000000000000000000000000000000013
:10CD20000000000000000000000000000000000003
:10CD300000000000000000000000000000000000F3
:10CD400000000000000000000000000000000000E3
:10CD500000000000000000000000000000000000D3
:10CD600000000000000000000000000000000000C3
:10CD700000000000000000000000000000000000B3
:10CD800000000000000000000000000000000000A3
:10CD90000000000000000000000000000000000093
:10CDA0000000000000000000000000000000000083
:10CDB0000000000000000000000000000000000073
:10CDC0000000000000000000000000000000000063
:10CDD0000000000000000000000000000000000053
:10CDE0000000000000000000000000000000000043
:10CDF0000000000000000000000000000000000033
:10CE00000000000000000000000000000000000022
:10CE10000000000000000000000000000000000012
:10CE20000000000000000000000000000000000002
:10CE300000000000000000000000000000000000F2
:10CE400000000000000000000000000000000000E2
:10CE500000000000000000000000000000000000D2
:10CE600000000000000000000000000000000000C2
:10CE700000000000000000000000000000000000B2
:10CE800000000000000000000000000000000000A2
:10CE90000000000000000000000000000000000092
:10CEA0000000000000000000000000000000000082
:10CEB0000000000000000000000000000000000072
:10CEC0000000000000000000000000000000000062
:10CED0000000000000000000000000000000000052
:10CEE0000000000000000000000000000000000042
:10CEF0000000000000000000000000000000000032
:10CF00000000000000000000000000000000000021
:10CF10000000000000000000000000000000000011
:10CF20000000000000000000000000000000000001
:10CF300000000000000000000000000000000000F1
:10CF400000000000000000000000000000000000E1
:10CF500000000000000000000000000000000000D1
:10CF600000000000000000000000000000000000C1
:10CF700000000000000000000000000000000000B1
:10CF800000000000000000000000000000000000A1
:10CF90000000000000000000000000000000000091
:10CFA0000000000000000000000000000000000081
:10CFB0000000000000000000000000000000000071
:10CFC0000000000000000000000000000000000061
:10CFD0000000000000000000000000000000000051
:10CFE0000000000000000000000000000000000041
:10CFF0000000000000000000000000000000000031
:10D000000000000000000000000000000000000020
:10D010000000000000000000000000000000000010
:10D020000000000000000000000000000000000000
:10D0300000000000000000000000000000000000F0
:10D0400000000000000000000000000000000000E0
:10D0500000000000000000000000000000000000D0
:10D0600000000000000000000000000000000000C0
:10D0700000000000000000000000000000000000B0
:10D0800000000000000000000000000000000000A0
:10D090000000000000000000000000000000000090
:10D0A0000000000000000000000000000000000080
:10D0B0000000000000000000000000000000000070
:10D0C0000000000000000000000000000000000060
:10D0D0000000000000000000000000000000000050
:10D0E0000000000000000000000000000000000040
:10D0F0000000000000000000000000000000000030
:10D10000000000000000000000000000000000001F
:10D11000000000000000000000000000000000000F
:10D1200000000000000000000000000000000000FF
:10D1300000000000000000000000000000000000EF
:10D1400000000000000000000000000000000000DF
:10D1500000000000000000000000000000000000CF
:10D1600000000000000000000000000000000000BF
:10D1700000000000000000000000000000000000AF
:10D18000000000000000000000000000000000009F
:10D19000000000000000000000000000000000008F
:10D1A000000000000000000000000000000000007F
:10D1B000000000000000000000000000000000006F
:10D1C000000000000000000000000000000000005F
:10D1D000000000000000000000000000000000004F
:10D1E000000000000000000000000000000000003F
:10D1F000000000000000000000000000000000002F
:10D20000000000000000000000000000000000001E
:10D21000000000000000000000000000000000000E
:10D2200000000000000000000000000000000000FE
:10D2300000000000000000000000000000000000EE
:10D2400000000000000000000000000000000000DE
:10D2500000000000000000000000000000000000CE
:10D2600000000000000000000000000000000000BE
:10D2700000000000000000000000000000000000AE
:10D28000000000000000000000000000000000009E
:10D29000000000000000000000000000000000008E
:10D2A000000000000000000000000000000000007E
:10D2B000000000000000000000000000000000006E
:10D2C000000000000000000000000000000000005E
:10D2D000000000000000000000000000000000004E
:10D2E000000000000000000000000000000000003E
:10D2F000000000000000000000000000000000002E
:10D30000000000000000000000000000000000001D
:10D31000000000000000000000000000000000000D
:10D3200000000000000000000000000000000000FD
:10D3300000000000000000000000000000000000ED
:10D3400000000000000000000000000000000000DD
:10D3500000000000000000000000000000000000CD
:10D3600000000000000000000000000000000000BD
:10D3700000000000000000000000000000000000AD
:10D38000000000000000000000000000000000009D
:10D39000000000000000000000000000000000008D
:10D3A000000000000000000000000000000000007D
:10D3B000000000000000000000000000000000006D
:10D3C000000000000000000000000000000000005D
:10D3D000000000000000000000000000000000004D
:10D3E000000000000000000000000000000000003D
:10D3F000000000000000000000000000000000002D
:10D40000000000000000000000000000000000001C
:10D41000000000000000000000000000000000000C
:10D4200000000000000000000000000000000000FC
:10D4300000000000000000000000000000000000EC
:10D4400000000000000000000000000000000000DC
:10D4500000000000000000000000000000000000CC
:10D4600000000000000000000000000000000000BC
:10D4700000000000000000000000000000000000AC
:10D48000000000000000000000000000000000009C
:10D49000000000000000000000000000000000008C
:10D4A000000000000000000000000000000000007C
:10D4B000000000000000000000000000000000006C
:10D4C000000000000000000000000000000000005C
:10D4D000000000000000000000000000000000004C
:10D4E000000000000000000000000000000000003C
:10D4F000000000000000000000000000000000002C
:10D50000000000000000000000000000000000001B
:10D51000000000000000000000000000000000000B
:10D5200000000000000000000000000000000000FB
:10D5300000000000000000000000000000000000EB
:10D5400000000000000000000000000000000000DB
:10D5500000000000000000000000000000000000CB
:10D5600000000000000000000000000000000000BB
:10D5700000000000000000000000000000000000AB
:10D58000000000000000000000000000000000009B
:10D59000000000000000000000000000000000008B
:10D5A000000000000000000000000000000000007B
:10D5B000000000000000000000000000000000006B
:10D5C000000000000000000000000000000000005B
:10D5D000000000000000000000000000000000004B
:10D5E000000000000000000000000000000000003B
:10D5F000000000000000000000000000000000002B
:10D60000000000000000000000000000000000001A
:10D61000000000000000000000000000000000000A
:10D6200000000000000000000000000000000000FA
:10D6300000000000000000000000000000000000EA
:10D6400000000000000000000000000000000000DA
:10D6500000000000000000000000000000000000CA
:10D6600000000000000000000000000000000000BA
:10D6700000000000000000000000000000000000AA
:10D68000000000000000000000000000000000009A
:10D69000000000000000000000000000000000008A
:10D6A000000000000000000000000000000000007A
:10D6B000000000000000000000000000000000006A
:10D6C000000000000000000000000000000000005A
:10D6D000000000000000000000000000000000004A
:10D6E000000000000000000000000000000000003A
:10D6F000000000000000000000000000000000002A
:10D700000000000000000000000000000000000019
:10D710000000000000000000000000000000000009
:10D7200000000000000000000000000000000000F9
:10D7300000000000000000000000000000000000E9
:10D7400000000000000000000000000000000000D9
:10D7500000000000000000000000000000000000C9
:10D7600000000000000000000000000000000000B9
:10D7700000000000000000000000000000000000A9
:10D780000000000000000000000000000000000099
:10D790000000000000000000000000000000000089
:10D7A0000000000000000000000000000000000079
:10D7B0000000000000000000000000000000000069
:10D7C0000000000000000000000000000000000059
:10D7D0000000000000000000000000000000000049
:10D7E0000000000000000000000000000000000039
:10D7F0000000000000000000000000000000000029
:10D800000000000000000000000000000000000018
:10D810000000000000000000000000000000000008
:10D8200000000000000000000000000000000000F8
:10D8300000000000000000000000000000000000E8
:10D8400000000000000000000000000000000000D8
:10D8500000000000000000000000000000000000C8
:10D8600000000000000000000000000000000000B8
:10D8700000000000000000000000000000000000A8
:10D880000000000000000000000000000000000098
:10D890000000000000000000000000000000000088
:10D8A0000000000000000000000000000000000078
:10D8B0000000000000000000000000000000000068
:10D8C0000000000000000000000000000000000058
:10D8D0000000000000000000000000000000000048
:10D8E0000000000000000000000000000000000038
:10D8F0000000000000000000000000000000000028
:10D900000000000000000000000000000000000017
:10D910000000000000000000000000000000000007
:10D9200000000000000000000000000000000000F7
:10D9300000000000000000000000000000000000E7
:10D9400000000000000000000000000000000000D7
:10D9500000000000000000000000000000000000C7
:10D9600000000000000000000000000000000000B7
:10D9700000000000000000000000000000000000A7
:10D980000000000000000000000000000000000097
:10D990000000000000000000000000000000000087
:10D9A0000000000000000000000000000000000077
:10D9B0000000000000000000000000000000000067
:10D9C0000000000000000000000000000000000057
:10D9D0000000000000000000000000000000000047
:10D9E0000000000000000000000000000000000037
:10D9F0000000000000000000000000000000000027
:10DA00000000000000000000000000000000000016
:10DA10000000000000000000000000000000000006
:10DA200000000000000000000000000000000000F6
:10DA300000000000000000000000000000000000E6
:10DA400000000000000000000000000000000000D6
:10DA500000000000000000000000000000000000C6
:10DA600000000000000000000000000000000000B6
:10DA700000000000000000000000000000000000A6
:10DA80000000000000000000000000000000000096
:10DA90000000000000000000000000000000000086
:10DAA0000000000000000000000000000000000076
:10DAB0000000000000000000000000000000000066
:10DAC0000000000000000000000000000000000056
:10DAD0000000000000000000000000000000000046
:10DAE0000000000000000000000000000000000036
:10DAF0000000000000000000000000000000000026
:10DB00000000000000000000000000000000000015
:10DB10000000000000000000000000000000000005
:10DB200000000000000000000000000000000000F5
:10DB300000000000000000000000000000000000E5
:10DB400000000000000000000000000000000000D5
:10DB500000000000000000000000000000000000C5
:10DB600000000000000000000000000000000000B5
:10DB700000000000000000000000000000000000A5
:10DB80000000000000000000000000000000000095
:10DB90000000000000000000000000000000000085
:10DBA0000000000000000000000000000000000075
:10DBB0000000000000000000000000000000000065
:10DBC0000000000000000000000000000000000055
:10DBD0000000000000000000000000000000000045
:10DBE0000000000000000000000000000000000035
:10DBF0000000000000000000000000000000000025
:10DC00000000000000000000000000000000000014
:10DC10000000000000000000000000000000000004
:10DC200000000000000000000000000000000000F4
:10DC300000000000000000000000000000000000E4
:10DC400000000000000000000000000000000000D4
:10DC500000000000000000000000000000000000C4
:10DC600000000000000000000000000000000000B4
:10DC700000000000000000000000000000000000A4
:10DC80000000000000000000000000000000000094
:10DC90000000000000000000000000000000000084
:10DCA0000000000000000000000000000000000074
:10DCB0000000000000000000000000000000000064
:10DCC0000000000000000000000000000000000054
:10DCD0000000000000000000000000000000000044
:10DCE0000000000000000000000000000000000034
:10DCF0000000000000000000000000000000000024
:10DD00000000000000000000000000000000000013
:10DD10000000000000000000000000000000000003
:10DD200000000000000000000000000000000000F3
:10DD300000000000000000000000000000000000E3
:10DD400000000000000000000000000000000000D3
:10DD500000000000000000000000000000000000C3
:10DD600000000000000000000000000000000000B3
:10DD700000000000000000000000000000000000A3
:10DD80000000000000000000000000000000000093
:10DD90000000000000000000000000000000000083
:10DDA0000000000000000000000000000000000073
:10DDB0000000000000000000000000000000000063
:10DDC0000000000000000000000000000000000053
:10DDD0000000000000000000000000000000000043
:10DDE0000000000000000000000000000000000033
:10DDF0000000000000000000000000000000000023
:10DE00000000000000000000000000000000000012
:10DE10000000000000000000000000000000000002
:10DE200000000000000000000000000000000000F2
:10DE300000000000000000000000000000000000E2
:10DE400000000000000000000000000000000000D2
:10DE500000000000000000000000000000000000C2
:10DE600000000000000000000000000000000000B2
:10DE700000000000000000000000000000000000A2
:10DE80000000000000000000000000000000000092
:10DE90000000000000000000000000000000000082
:10DEA0000000000000000000000000000000000072
:10DEB0000000000000000000000000000000000062
:10DEC0000000000000000000000000000000000052
:10DED0000000000000000000000000000000000042
:10DEE0000000000000000000000000000000000032
:10DEF0000000000000000000000000000000000022
:10DF00000000000000000000000000000000000011
:10DF10000000000000000000000000000000000001
:10DF200000000000000000000000000000000000F1
:10DF300000000000000000000000000000000000E1
:10DF400000000000000000000000000000000000D1
:10DF500000000000000000000000000000000000C1
:10DF600000000000000000000000000000000000B1
:10DF700000000000000000000000000000000000A1
:10DF80000000000000000000000000000000000091
:10DF90000000000000000000000000000000000081
:10DFA0000000000000000000000000000000000071
:10DFB0000000000000000000000000000000000061
:10DFC0000000000000000000000000000000000051
:10DFD0000000000000000000000000000000000041
:10DFE0000000000000000000000000000000000031
:10DFF0000000000000000000000000000000000021
:10E000000000000000000000000000000000000010
:10E010000000000000000000000000000000000000
:10E0200000000000000000000000000000000000F0
:10E0300000000000000000000000000000000000E0
:10E0400000000000000000000000000000000000D0
:10E0500000000000000000000000000000000000C0
:10E0600000000000000000000000000000000000B0
:10E0700000000000000000000000000000000000A0
:10E080000000000000000000000000000000000090
:10E090000000000000000000000000000000000080
:10E0A0000000000000000000000000000000000070
:10E0B0000000000000000000000000000000000060
:10E0C0000000000000000000000000000000000050
:10E0D0000000000000000000000000000000000040
:10E0E0000000000000000000000000000000000030
:10E0F0000000000000000000000000000000000020
:10E10000000000000000000000000000000000000F
:10E1100000000000000000000000000000000000FF
:10E1200000000000000000000000000000000000EF
:10E1300000000000000000000000000000000000DF
:10E1400000000000000000000000000000000000CF
:10E1500000000000000000000000000000000000BF
:10E1600000000000000000000000000000000000AF
:10E17000000000000000000000000000000000009F
:10E18000000000000000000000000000000000008F
:10E19000000000000000000000000000000000007F
:10E1A000000000000000000000000000000000006F
:10E1B000000000000000000000000000000000005F
:10E1C000000000000000000000000000000000004F
:10E1D000000000000000000000000000000000003F
:10E1E000000000000000000000000000000000002F
:10E1F000000000000000000000000000000000001F
:10E20000000000000000000000000000000000000E
:10E2100000000000000000000000000000000000FE
:10E2200000000000000000000000000000000000EE
:10E2300000000000000000000000000000000000DE
:10E2400000000000000000000000000000000000CE
:10E2500000000000000000000000000000000000BE
:10E2600000000000000000000000000000000000AE
:10E27000000000000000000000000000000000009E
:10E28000000000000000000000000000000000008E
:10E29000000000000000000000000000000000007E
:10E2A000000000000000000000000000000000006E
:10E2B000000000000000000000000000000000005E
:10E2C000000000000000000000000000000000004E
:10E2D000000000000000000000000000000000003E
:10E2E000000000000000000000000000000000002E
:10E2F000000000000000000000000000000000001E
:10E30000000000000000000000000000000000000D
:10E3100000000000000000000000000000000000FD
:10E3200000000000000000000000000000000000ED
:10E3300000000000000000000000000000000000DD
:10E3400000000000000000000000000000000000CD
:10E3500000000000000000000000000000000000BD
:10E3600000000000000000000000000000000000AD
:10E37000000000000000000000000000000000009D
:10E38000000000000000000000000000000000008D
:10E39000000000000000000000000000000000007D
:10E3A000000000000000000000000000000000006D
:10E3B000000000000000000000000000000000005D
:10E3C000000000000000000000000000000000004D
:10E3D000000000000000000000000000000000003D
:10E3E000000000000000000000000000000000002D
:10E3F000000000000000000000000000000000001D
:10E40000000000000000000000000000000000000C
:10E4100000000000000000000000000000000000FC
:10E4200000000000000000000000000000000000EC
:10E4300000000000000000000000000000000000DC
:10E4400000000000000000000000000000000000CC
:10E4500000000000000000000000000000000000BC
:10E4600000000000000000000000000000000000AC
:10E47000000000000000000000000000000000009C
:10E48000000000000000000000000000000000008C
:10E49000000000000000000000000000000000007C
:10E4A000000000000000000000000000000000006C
:10E4B000000000000000000000000000000000005C
:10E4C000000000000000000000000000000000004C
:10E4D000000000000000000000000000000000003C
:10E4E000000000000000000000000000000000002C
:10E4F000000000000000000000000000000000001C
:10E50000000000000000000000000000000000000B
:10E5100000000000000000000000000000000000FB
:10E5200000000000000000000000000000000000EB
:10E5300000000000000000000000000000000000DB
:10E5400000000000000000000000000000000000CB
:10E5500000000000000000000000000000000000BB
:10E5600000000000000000000000000000000000AB
:10E57000000000000000000000000000000000009B
:10E58000000000000000000000000000000000008B
:10E59000000000000000000000000000000000007B
:10E5A000000000000000000000000000000000006B
:10E5B000000000000000000000000000000000005B
:10E5C000000000000000000000000000000000004B
:10E5D000000000000000000000000000000000003B
:10E5E000000000000000000000000000000000002B
:10E5F000000000000000000000000000000000001B
:10E60000000000000000000000000000000000000A
:10E6100000000000000000000000000000000000FA
:10E6200000000000000000000000000000000000EA
:10E6300000000000000000000000000000000000DA
:10E6400000000000000000000000000000000000CA
:10E6500000000000000000000000000000000000BA
:10E6600000000000000000000000000000000000AA
:10E67000000000000000000000000000000000009A
:10E68000000000000000000000000000000000008A
:10E69000000000000000000000000000000000007A
:10E6A000000000000000000000000000000000006A
:10E6B000000000000000000000000000000000005A
:10E6C000000000000000000000000000000000004A
:10E6D000000000000000000000000000000000003A
:10E6E000000000000000000000000000000000002A
:10E6F000000000000000000000000000000000001A
:10E700000000000000000000000000000000000009
:10E7100000000000000000000000000000000000F9
:10E7200000000000000000000000000000000000E9
:10E7300000000000000000000000000000000000D9
:10E7400000000000000000000000000000000000C9
:10E7500000000000000000000000000000000000B9
:10E7600000000000000000000000000000000000A9
:10E770000000000000000000000000000000000099
:10E780000000000000000000000000000000000089
:10E790000000000000000000000000000000000079
:10E7A0000000000000000000000000000000000069
:10E7B0000000000000000000000000000000000059
:10E7C0000000000000000000000000000000000049
:10E7D0000000000000000000000000000000000039
:10E7E0000000000000000000000000000000000029
:10E7F0000000000000000000000000000000000019
:10E800000000000000000000000000000000000008
:10E8100000000000000000000000000000000000F8
:10E8200000000000000000000000000000000000E8
:10E8300000000000000000000000000000000000D8
:10E8400000000000000000000000000000000000C8
:10E8500000000000000000000000000000000000B8
:10E8600000000000000000000000000000000000A8
:10E870000000000000000000000000000000000098
:10E880000000000000000000000000000000000088
:10E890000000000000000000000000000000000078
:10E8A0000000000000000000000000000000000068
:10E8B0000000000000000000000000000000000058
:10E8C0000000000000000000000000000000000048
:10E8D0000000000000000000000000000000000038
:10E8E0000000000000000000000000000000000028
:10E8F0000000000000000000000000000000000018
:10E900000000000000000000000000000000000007
:10E9100000000000000000000000000000000000F7
:10E9200000000000000000000000000000000000E7
:10E9300000000000000000000000000000000000D7
:10E9400000000000000000000000000000000000C7
:10E9500000000000000000000000000000000000B7
:10E9600000000000000000000000000000000000A7
:10E970000000000000000000000000000000000097
:10E980000000000000000000000000000000000087
:10E990000000000000000000000000000000000077
:10E9A0000000000000000000000000000000000067
:10E9B0000000000000000000000000000000000057
:10E9C0000000000000000000000000000000000047
:10E9D0000000000000000000000000000000000037
:10E9E0000000000000000000000000000000000027
:10E9F0000000000000000000000000000000000017
:10EA00000000000000000000000000000000000006
:10EA100000000000000000000000000000000000F6
:10EA200000000000000000000000000000000000E6
:10EA300000000000000000000000000000000000D6
:10EA400000000000000000000000000000000000C6
:10EA500000000000000000000000000000000000B6
:10EA600000000000000000000000000000000000A6
:10EA70000000000000000000000000000000000096
:10EA80000000000000000000000000000000000086
:10EA90000000000000000000000000000000000076
:10EAA0000000000000000000000000000000000066
:10EAB0000000000000000000000000000000000056
:10EAC0000000000000000000000000000000000046
:10EAD0000000000000000000000000000000000036
:10EAE0000000000000000000000000000000000026
:10EAF0000000000000000000000000000000000016
:10EB00000000000000000000000000000000000005
:10EB100000000000000000000000000000000000F5
:10EB200000000000000000000000000000000000E5
:10EB300000000000000000000000000000000000D5
:10EB400000000000000000000000000000000000C5
:10EB500000000000000000000000000000000000B5
:10EB600000000000000000000000000000000000A5
:10EB70000000000000000000000000000000000095
:10EB80000000000000000000000000000000000085
:10EB90000000000000000000000000000000000075
:10EBA0000000000000000000000000000000000065
:10EBB0000000000000000000000000000000000055
:10EBC0000000000000000000000000000000000045
:10EBD0000000000000000000000000000000000035
:10EBE0000000000000000000000000000000000025
:10EBF0000000000000000000000000000000000015
:10EC00000000000000000000000000000000000004
:10EC100000000000000000000000000000000000F4
:10EC200000000000000000000000000000000000E4
:10EC300000000000000000000000000000000000D4
:10EC400000000000000000000000000000000000C4
:10EC500000000000000000000000000000000000B4
:10EC600000000000000000000000000000000000A4
:10EC70000000000000000000000000000000000094
:10EC80000000000000000000000000000000000084
:10EC90000000000000000000000000000000000074
:10ECA0000000000000000000000000000000000064
:10ECB0000000000000000000000000000000000054
:10ECC0000000000000000000000000000000000044
:10ECD0000000000000000000000000000000000034
:10ECE0000000000000000000000000000000000024
:10ECF0000000000000000000000000000000000014
:10ED00000000000000000000000000000000000003
:10ED100000000000000000000000000000000000F3
:10ED200000000000000000000000000000000000E3
:10ED300000000000000000000000000000000000D3
:10ED400000000000000000000000000000000000C3
:10ED500000000000000000000000000000000000B3
:10ED600000000000000000000000000000000000A3
:10ED70000000000000000000000000000000000093
:10ED80000000000000000000000000000000000083
:10ED90000000000000000000000000000000000073
:10EDA0000000000000000000000000000000000063
:10EDB0000000000000000000000000000000000053
:10EDC0000000000000000000000000000000000043
:10EDD0000000000000000000000000000000000033
:10EDE0000000000000000000000000000000000023
:10EDF0000000000000000000000000000000000013
:10EE00000000000000000000000000000000000002
:10EE100000000000000000000000000000000000F2
:10EE200000000000000000000000000000000000E2
:10EE300000000000000000000000000000000000D2
:10EE400000000000000000000000000000000000C2
:10EE500000000000000000000000000000000000B2
:10EE600000000000000000000000000000000000A2
:10EE70000000000000000000000000000000000092
:10EE80000000000000000000000000000000000082
:10EE90000000000000000000000000000000000072
:10EEA0000000000000000000000000000000000062
:10EEB0000000000000000000000000000000000052
:10EEC0000000000000000000000000000000000042
:10EED0000000000000000000000000000000000032
:10EEE0000000000000000000000000000000000022
:10EEF0000000000000000000000000000000000012
:10EF00000000000000000000000000000000000001
:10EF100000000000000000000000000000000000F1
:10EF200000000000000000000000000000000000E1
:10EF300000000000000000000000000000000000D1
:10EF400000000000000000000000000000000000C1
:10EF500000000000000000000000000000000000B1
:10EF600000000000000000000000000000000000A1
:10EF70000000000000000000000000000000000091
:10EF80000000000000000000000000000000000081
:10EF90000000000000000000000000000000000071
:10EFA0000000000000000000000000000000000061
:10EFB0000000000000000000000000000000000051
:10EFC0000000000000000000000000000000000041
:10EFD0000000000000000000000000000000000031
:10EFE0000000000000000000000000000000000021
:10EFF0000000000000000000000000000000000011
:10F000000000000000000000000000000000000000
:10F0100000000000000000000000000000000000F0
:10F0200000000000000000000000000000000000E0
:10F0300000000000000000000000000000000000D0
:10F0400000000000000000000000000000000000C0
:10F0500000000000000000000000000000000000B0
:10F0600000000000000000000000000000000000A0
:10F070000000000000000000000000000000000090
:10F080000000000000000000000000000000000080
:10F090000000000000000000000000000000000070
:10F0A0000000000000000000000000000000000060
:10F0B0000000000000000000000000000000000050
:10F0C0000000000000000000000000000000000040
:10F0D0000000000000000000000000000000000030
:10F0E0000000000000000000000000000000000020
:10F0F0000000000000000000000000000000000010
:10F1000000000000000000000000000000000000FF
:10F1100000000000000000000000000000000000EF
:10F1200000000000000000000000000000000000DF
:10F1300000000000000000000000000000000000CF
:10F1400000000000000000000000000000000000BF
:10F1500000000000000000000000000000000000AF
:10F16000000000000000000000000000000000009F
:10F17000000000000000000000000000000000008F
:10F18000000000000000000000000000000000007F
:10F19000000000000000000000000000000000006F
:10F1A000000000000000000000000000000000005F
:10F1B000000000000000000000000000000000004F
:10F1C000000000000000000000000000000000003F
:10F1D000000000000000000000000000000000002F
:10F1E000000000000000000000000000000000001F
:10F1F000000000000000000000000000000000000F
:10F2000000000000000000000000000000000000FE
:10F2100000000000000000000000000000000000EE
:10F2200000000000000000000000000000000000DE
:10F2300000000000000000000000000000000000CE
:10F2400000000000000000000000000000000000BE
:10F2500000000000000000000000000000000000AE
:10F26000000000000000000000000000000000009E
:10F27000000000000000000000000000000000008E
:10F28000000000000000000000000000000000007E
:10F29000000000000000000000000000000000006E
:10F2A000000000000000000000000000000000005E
:10F2B000000000000000000000000000000000004E
:10F2C000000000000000000000000000000000003E
:10F2D000000000000000000000000000000000002E
:10F2E000000000000000000000000000000000001E
:10F2F000000000000000000000000000000000000E
:10F3000000000000000000000000000000000000FD
:10F3100000000000000000000000000000000000ED
:10F3200000000000000000000000000000000000DD
:10F3300000000000000000000000000000000000CD
:10F3400000000000000000000000000000000000BD
:10F3500000000000000000000000000000000000AD
:10F36000000000000000000000000000000000009D
:10F37000000000000000000000000000000000008D
:10F38000000000000000000000000000000000007D
:10F39000000000000000000000000000000000006D
:10F3A000000000000000000000000000000000005D
:10F3B000000000000000000000000000000000004D
:10F3C000000000000000000000000000000000003D
:10F3D000000000000000000000000000000000002D
:10F3E000000000000000000000000000000000001D
:10F3F000000000000000000000000000000000000D
:10F4000000000000000000000000000000000000FC
:10F4100000000000000000000000000000000000EC
:10F4200000000000000000000000000000000000DC
:10F4300000000000000000000000000000000000CC
:10F4400000000000000000000000000000000000BC
:10F4500000000000000000000000000000000000AC
:10F46000000000000000000000000000000000009C
:10F47000000000000000000000000000000000008C
:10F48000000000000000000000000000000000007C
:10F49000000000000000000000000000000000006C
:10F4A000000000000000000000000000000000005C
:10F4B000000000000000000000000000000000004C
:10F4C000000000000000000000000000000000003C
:10F4D000000000000000000000000000000000002C
:10F4E000000000000000000000000000000000001C
:10F4F000000000000000000000000000000000000C
:10F5000000000000000000000000000000000000FB
:10F5100000000000000000000000000000000000EB
:10F5200000000000000000000000000000000000DB
:10F5300000000000000000000000000000000000CB
:10F5400000000000000000000000000000000000BB
:10F5500000000000000000000000000000000000AB
:10F56000000000000000000000000000000000009B
:10F57000000000000000000000000000000000008B
:10F58000000000000000000000000000000000007B
:10F59000000000000000000000000000000000006B
:10F5A000000000000000000000000000000000005B
:10F5B000000000000000000000000000000000004B
:10F5C000000000000000000000000000000000003B
:10F5D000000000000000000000000000000000002B
:10F5E000000000000000000000000000000000001B
:10F5F000000000000000000000000000000000000B
:10F6000000000000000000000000000000000000FA
:10F6100000000000000000000000000000000000EA
:10F6200000000000000000000000000000000000DA
:10F6300000000000000000000000000000000000CA
:10F6400000000000000000000000000000000000BA
:10F6500000000000000000000000000000000000AA
:10F66000000000000000000000000000000000009A
:10F67000000000000000000000000000000000008A
:10F68000000000000000000000000000000000007A
:10F69000000000000000000000000000000000006A
:10F6A000000000000000000000000000000000005A
:10F6B000000000000000000000000000000000004A
:10F6C000000000000000000000000000000000003A
:10F6D000000000000000000000000000000000002A
:10F6E000000000000000000000000000000000001A
:10F6F000000000000000000000000000000000000A
:10F7000000000000000000000000000000000000F9
:10F7100000000000000000000000000000000000E9
:10F7200000000000000000000000000000000000D9
:10F7300000000000000000000000000000000000C9
:10F7400000000000000000000000000000000000B9
:10F7500000000000000000000000000000000000A9
:10F760000000000000000000000000000000000099
:10F770000000000000000000000000000000000089
:10F780000000000000000000000000000000000079
:10F790000000000000000000000000000000000069
:10F7A0000000000000000000000000000000000059
:10F7B0000000000000000000000000000000000049
:10F7C0000000000000000000000000000000000039
:10F7D0000000000000000000000000000000000029
:10F7E0000000000000000000000000000000000019
:10F7F0000000000000000000000000000000000009
:10F8000000000000000000000000000000000000F8
:10F8100000000000000000000000000000000000E8
:10F8200000000000000000000000000000000000D8
:10F8300000000000000000000000000000000000C8
:10F8400000000000000000000000000000000000B8
:10F8500000000000000000000000000000000000A8
:10F860000000000000000000000000000000000098
:10F870000000000000000000000000000000000088
:10F880000000000000000000000000000000000078
:10F890000000000000000000000000000000000068
:10F8A0000000000000000000000000000000000058
:10F8B0000000000000000000000000000000000048
:10F8C0000000000000000000000000000000000038
:10F8D0000000000000000000000000000000000028
:10F8E0000000000000000000000000000000000018
:10F8F0000000000000000000000000000000000008
:10F9000000000000000000000000000000000000F7
:10F9100000000000000000000000000000000000E7
:10F9200000000000000000000000000000000000D7
:10F9300000000000000000000000000000000000C7
:10F9400000000000000000000000000000000000B7
:10F9500000000000000000000000000000000000A7
:10F960000000000000000000000000000000000097
:10F970000000000000000000000000000000000087
:10F980000000000000000000000000000000000077
:10F990000000000000000000000000000000000067
:10F9A0000000000000000000000000000000000057
:10F9B0000000000000000000000000000000000047
:10F9C0000000000000000000000000000000000037
:10F9D0000000000000000000000000000000000027
:10F9E0000000000000000000000000000000000017
:10F9F0000000000000000000000000000000000007
:10FA000000000000000000000000000000000000F6
:10FA100000000000000000000000000000000000E6
:10FA200000000000000000000000000000000000D6
:10FA300000000000000000000000000000000000C6
:10FA400000000000000000000000000000000000B6
:10FA500000000000000000000000000000000000A6
:10FA60000000000000000000000000000000000096
:10FA70000000000000000000000000000000000086
:10FA80000000000000000000000000000000000076
:10FA90000000000000000000000000000000000066
:10FAA0000000000000000000000000000000000056
:10FAB0000000000000000000000000000000000046
:10FAC0000000000000000000000000000000000036
:10FAD0000000000000000000000000000000000026
:10FAE0000000000000000000000000000000000016
:10FAF0000000000000000000000000000000000006
:10FB000000000000000000000000000000000000F5
:10FB100000000000000000000000000000000000E5
:10FB200000000000000000000000000000000000D5
:10FB300000000000000000000000000000000000C5
:10FB400000000000000000000000000000000000B5
:10FB500000000000000000000000000000000000A5
:10FB60000000000000000000000000000000000095
:10FB70000000000000000000000000000000000085
:10FB80000000000000000000000000000000000075
:10FB90000000000000000000000000000000000065
:10FBA0000000000000000000000000000000000055
:10FBB0000000000000000000000000000000000045
:10FBC0000000000000000000000000000000000035
:10FBD0000000000000000000000000000000000025
:10FBE0000000000000000000000000000000000015
:10FBF0000000000000000000000000000000000005
:10FC000000000000000000000000000000000000F4
:10FC100000000000000000000000000000000000E4
:10FC200000000000000000000000000000000000D4
:10FC300000000000000000000000000000000000C4
:10FC400000000000000000000000000000000000B4
:10FC500000000000000000000000000000000000A4
:10FC60000000000000000000000000000000000094
:10FC70000000000000000000000000000000000084
:10FC80000000000000000000000000000000000074
:10FC90000000000000000000000000000000000064
:10FCA0000000000000000000000000000000000054
:10FCB0000000000000000000000000000000000044
:10FCC0000000000000000000000000000000000034
:10FCD0000000000000000000000000000000000024
:10FCE0000000000000000000000000000000000014
:10FCF0000000000000000000000000000000000004
:10FD000000000000000000000000000000000000F3
:10FD100000000000000000000000000000000000E3
:10FD200000000000000000000000000000000000D3
:10FD300000000000000000000000000000000000C3
:10FD400000000000000000000000000000000000B3
:10FD500000000000000000000000000000000000A3
:10FD60000000000000000000000000000000000093
:10FD70000000000000000000000000000000000083
:10FD80000000000000000000000000000000000073
:10FD90000000000000000000000000000000000063
:10FDA0000000000000000000000000000000000053
:10FDB0000000000000000000000000000000000043
:10FDC0000000000000000000000000000000000033
:10FDD0000000000000000000000000000000000023
:10FDE0000000000000000000000000000000000013
:10FDF0000000000000000000000000000000000003
:10FE000000000000000000000000000000000000F2
:10FE100000000000000000000000000000000000E2
:10FE200000000000000000000000000000000000D2
:10FE300000000000000000000000000000000000C2
:10FE400000000000000000000000000000000000B2
:10FE500000000000000000000000000000000000A2
:10FE60000000000000000000000000000000000092
:10FE70000000000000000000000000000000000082
:10FE80000000000000000000000000000000000072
:10FE90000000000000000000000000000000000062
:10FEA0000000000000000000000000000000000052
:10FEB0000000000000000000000000000000000042
:10FEC0000000000000000000000000000000000032
:10FED0000000000000000000000000000000000022
:10FEE0000000000000000000000000000000000012
:10FEF0000000000000000000000000000000000002
:10FF000000000000000000000000000000000000F1
:10FF100000000000000000000000000000000000E1
:10FF200000000000000000000000000000000000D1
:10FF300000000000000000000000000000000000C1
:10FF400000000000000000000000000000000000B1
:10FF500000000000000000000000000000000000A1
:10FF60000000000000000000000000000000000091
:10FF70000000000000000000000000000000000081
:10FF80000000000000000000000000000000000071
:10FF90000000000000000000000000000000000061
:10FFA0000000000000000000000000000000000051
:10FFB0000000000000000000000000000000000041
:10FFC0000000000000000000000000000000000031
:10FFD0000000000000000000000000000000000021
:10FFE0000000000000000000000000000000000011
:10FFF0000000000000000000000000000000000001
:020000040801F1
:1000000000000000000000000000000000000000F0
:1000100000000000000000000000000000000000E0
:1000200000000000000000000000000000000000D0
:1000300000000000000000000000000000000000C0
:1000400000000000000000000000000000000000B0
:1000500000000000000000000000000000000000A0
:100060000000000000000000000000000000000090
:100070000000000000000000000000000000000080
:100080000000000000000000000000000000000070
:100090000000000000000000000000000000000060
:1000A0000000000000000000000000000000000050
:1000B0000000000000000000000000000000000040
:1000C0000000000000000000000000000000000030
:1000D0000000000000000000000000000000000020
:1000E0000000000000000000000000000000000010
:1000F0000000000000000000000000000000000000
:1001000000000000000000000000000000000000EF
:1001100000000000000000000000000000000000DF
:1001200000000000000000000000000000000000CF
:1001300000000000000000000000000000000000BF
:1001400000000000000000000000000000000000AF
:10015000000000000000000000000000000000009F
:10016000000000000000000000000000000000008F
:10017000000000000000000000000000000000007F
:10018000000000000000000000000000000000006F
:10019000000000000000000000000000000000005F
:1001A000000000000000000000000000000000004F
:1001B000000000000000000000000000000000003F
:1001C000000000000000000000000000000000002F
:1001D000000000000000000000000000000000001F
:1001E000000000000000000000000000000000000F
:1001F00000000000000000000000000000000000FF
:1002000000000000000000000000000000000000EE
:1002100000000000000000000000000000000000DE
:1002200000000000000000000000000000000000CE
:1002300000000000000000000000000000000000BE
:1002400000000000000000000000000000000000AE
:10025000000000000000000000000000000000009E
:10026000000000000000000000000000000000008E
:10027000000000000000000000000000000000007E
:10028000000000000000000000000000000000006E
:10029000000000000000000000000000000000005E
:1002A000000000000000000000000000000000004E
:1002B000000000000000000000000000000000003E
:1002C000000000000000000000000000000000002E
:1002D000000000000000000000000000000000001E
:1002E000000000000000000000000000000000000E
:1002F00000000000000000000000000000000000FE
:1003000000000000000000000000000000000000ED
:1003100000000000000000000000000000000000DD
:1003200000000000000000000000000000000000CD
:1003300000000000000000000000000000000000BD
:1003400000000000000000000000000000000000AD
:10035000000000000000000000000000000000009D
:10036000000000000000000000000000000000008D
:10037000000000000000000000000000000000007D
:10038000000000000000000000000000000000006D
:10039000000000000000000000000000000000005D
:1003A000000000000000000000000000000000004D
:1003B000000000000000000000000000000000003D
:1003C000000000000000000000000000000000002D
:1003D000000000000000000000000000000000001D
:1003E000000000000000000000000000000000000D
:1003F00000000000000000000000000000000000FD
:1004000000000000000000000000060100000000E5
:1004100000000000000000000000070001000000D4
:1004200000000000000000000000000000000000CC
:1004300000000000000000000000000000000000BC
:1004400000000000000000000000000000000000AC
:10045000000000000000000000000000000000009C
:10046000000000000000000000000000000000008C
:10047000000000000000000000000000000000007C
:10048000000000000000000000000000000000006C
:10049000000000000000000000000000000000005C
:1004A000000000000000000000000000000000004C
:1004B000000000000000000000000000000000003C
:1004C000000000000000000000000000000000002C
:1004D000000000000000000000000000000000001C
:1004E000000000000000000000000000000000000C
:1004F00000000000000000000000000000000000FC
:1005000000000000000000000000000000000000EB
:1005100000000000000000000000000000000000DB
:1005200000000000000000000000000000000000CB
:1005300000000000000000000000000000000000BB
:1005400000000000000000000000000000000000AB
:10055000000000000000000000000000000000009B
:10056000000000000000000000000000000000008B
:10057000000000000000000000000000000000007B
:10058000000000000000000000000000000000006B
:10059000000000000000000000000000000000005B
:1005A000000000000000000000000000000000004B
:1005B000000000000000000000000000000000003B
:1005C000000000000000000000000000000000002B
:1005D000000000000000000000000000000000001B
:1005E000000000000000000000000000000000000B
:1005F00000000000000000000000000000000000FB
:1006000000000000000000000000000000000000EA
:1006100000000000000000000000000000000000DA
:1006200000000000000000000000000000000000CA
:1006300000000000000000000000000000000000BA
:1006400000000000000000000000000000000000AA
:10065000000000000000000000000000000000009A
:10066000000000000000000000000000000000008A
:10067000000000000000000000000000000000007A
:10068000000000000000000000000000000000006A
:10069000000000000000000000000000000000005A
:1006A000000000000000000000000000000000004A
:1006B000000000000000000000000000000000003A
:1006C000000000000000000000000000000000002A
:1006D000000000000000000000000000000000001A
:1006E000000000000000000000000000000000000A
:1006F00000000000000000000000000000000000FA
:1007000000000000000000000000000000000000E9
:1007100000000000000000000000000000000000D9
:1007200000000000000000000000000000000000C9
:1007300000000000000000000000000000000000B9
:1007400000000000000000000000000000000000A9
:100750000000000000000000000000000000000099
:100760000000000000000000000000000000000089
:100770000000000000000000000000000000000079
:100780000000000000000000000000000000000069
:100790000000000000000000000000000000000059
:1007A0000000000000000000000000000000000049
:1007B0000000000000000000000000000000000039
:1007C0000000000000000000000000000000000029
:1007D0000000000000000000000000000000000019
:1007E0000000000000000000000000000000000009
:1007F00000000000000000000000000000000000F9
:10080000910385127A22902A2004328032011AA0A4
:100810000C2904322032021AB00C2904322432038B
:100820001AC00C2904292032041AD00C29043230B1
:1008300032051AE00C2904323432091AF00C29046A
:0408400002532C0033
:040000050800020DE0
:00000001FF
